품번,품명,가격
6139,반골 - 호주 | 킬코이 - GF,"1,770원"
188572,반골 - 호주 | 킬코이(640) - GF,"1,770원"
159311,반골 - 호주 | 킬코이(640) - GF,"1,780원"
177144,사골(앞쪽사골) - 호주 | AMG - GF,"1,800원"
85674,사골(뒷왕사골) - 호주 | 킬코이(640) - GF,"1,810원"
5477,사골(뒷왕사골) - 호주 | 킬코이(640) - GF,"1,820원"
20956,사골(뒷왕사골) - 호주 | 킬코이 - GF,"1,830원"
123745,학본 - 미국 | 엑셀(86E),"1,840원"
7752,학본 - 미국 | OMAHA - 언그레이드,"1,850원"
156899,학본 - 미국 | 44팜스,"1,850원"
144938,학본 - 미국 | 44팜스,"1,850원"
165647,사골(뒷왕사골) - 호주 | AMG - GF,"1,900원"
133451,사골(뒷왕사골) - 미국 | 엑셀(86M) - 프라임,"1,920원"
183153,학본 - 미국 | 크릭스톤(27),"1,920원"
144953,사골(뒷왕사골) - 미국 | 44팜스,"1,930원"
162350,사골(뒷왕사골) - 미국 | 44팜스,"1,930원"
8122,학본 - 미국 | 오로라 앵거스 비프(788),"1,940원"
7691,사골(뒷왕사골) - 미국 | 오마하(960A) - 언그레이드,"1,950원"
156128,사골(뒷왕사골) - 호주 | AMH(170) - GF,"1,950원"
146387,사골(뒷왕사골) - 미국 | 오마하(960A),"2,000원"
149687,학본 - 미국 | 오마하(960A),"2,000원"
165650,사골(앞왕사골) - 호주 | AMG - GF,"2,000원"
82758,사골 - 미국 | OMAHA(960A),"2,050원"
6612,사골(앞왕사골) - 호주 | 킬코이(640) - GF,"2,070원"
85819,사골(앞왕사골) - 호주 | 킬코이(640) - GF,"2,070원"
21827,사골(앞왕사골) - 호주 | 킬코이(640) - GF,"2,080원"
85676,사골(뒤쪽사골) - 호주 | 킬코이(640) - GF,"2,090원"
85821,사골(앞쪽사골) - 호주 | 킬코이(640) - GF,"2,100원"
140065,사골(뒷왕사골) - 미국 | 쇼케이스(562M) - 언그레이드,"2,100원"
172756,반골 - 호주 | 킬코이(640) - GF,"2,100원"
8119,학본 - 멕시코 | 비바,"2,200원"
163998,반골 - 호주 | 킬코이(640) - GF,"2,200원"
172757,사골 - 호주 | AMH(170) - GF,"2,400원"
163316,사골 - 호주 | 킬코이(640) - GF,"2,500원"
163402,반골 - 호주 | 킬코이(640) - GF,"2,800원"
188079,목뼈 - 호주 | AMG - A,"2,840원"
138054,목뼈 - 호주 | 그린햄,"2,850원"
164548,대창(오픈) - 미국 | 스위프트(969G) - 언그레이드,"2,900원"
8100,양지뼈 - 멕시코 | 비바 - GF,"3,300원"
168448,양(깐양) - 뉴질랜드 | 얼라이언스(136) - BEEF,"3,300원"
171587,대창(오픈) - 미국 | 스위프트(969G) - 언그레이드,"3,400원"
177501,대창(오픈) - 미국 | 스위프트(969G),"3,400원"
188571,목뼈 - 호주 | 킬코이(640) - GF,"3,490원"
165766,떡심 - 호주 | 힐탑(128),"3,500원"
180237,우족 - 호주 | 스텐브룩(203) - BEEF,"3,550원"
177510,우족 - 호주 | 힐탑(128),"3,600원"
173501,대창(오픈) - 미국 | 엑셀,"3,650원"
174535,양(깐양) - 호주 | 오키(558),"3,700원"
188010,양(깐양) - 호주 | 오키(558),"3,700원"
149200,양(깐양) - 호주 | AMG - BEEF,"3,750원"
156612,양(깐양) - 호주 | 하비(648),"3,800원"
160527,양(깐양) - 호주 | AMG - BEEF,"3,800원"
168543,목뼈 - 호주 | 놀란(80),"3,800원"
5365,양(깐양) - 호주 | 티스(294),"3,890원"
87489,도가니 - 미국 | 스위프트(3D) - 언그레이드,"3,900원"
175090,양(깐양) - 호주 | 티스(291) - GF,"3,900원"
185103,스페어립(조각) - 호주 | TBS - BEEF,"3,950원"
124644,목뼈 - 호주 | 킬코이(640) - GF,"4,000원"
140290,양(깐양) - 호주 | 티스,"4,050원"
140959,양(깐양) - 호주 | 킬코이(640) - GF,"4,050원"
161150,목뼈 - 호주 | 킬코이 - GF,"4,160원"
137617,우족 - 멕시코 | 수까르네 - GF,"4,190원"
165207,우족 - 멕시코 | 수까르네 - GF,"4,200원"
8006,도가니 - 멕시코 | 비바 - GF,"4,400원"
140949,염통 - 호주 | 킬코이(640) - GF,"4,400원"
133991,도가니 - 호주 | 스텐브룩(203) - GF,"4,400원"
187680,스페어립 - 뉴질랜드 | 얼라이언스(18) - COW,"4,500원"
167033,목뼈 - 호주 | 레븐스워쓰(218) - GF,"4,700원"
167025,척립본 - 호주 | 레븐스워쓰(218) - GF,"4,800원"
177952,백립(조각백립) - 캐나다 | 하이리버,"4,800원"
187290,스페어립 - 호주 | 그린마운틴(194) - A,"4,800원"
164175,목뼈 - 호주 | 킬코이(640) - GF,"4,900원"
90678,스페어립 - 뉴질랜드 | 테일러프레스톤(ME 86) - BULL,"5,000원"
163825,잡육 - 호주 | 카라라(와규)(640),"5,100원"
188196,[대량상품] 스페어립 - 호주 | 그린햄 - S,"5,320원"
138923,백립(조각백립) - 미국 | 스위프트(969G) - 언그레이드,"5,600원"
150004,백립(조각백립) - 미국 | 스위프트(969) - 언그레이드,"5,600원"
141055,백립(조각백립) - 미국 | 스위프트(969) - 언그레이드,"5,600원"
159246,백립(조각백립) - 미국 | 스위프트(969G) - 언그레이드,"5,600원"
160143,백립(조각백립) - 미국 | 스위프트(969),"5,600원"
169587,백립(조각백립) - 미국 | 스위프트(969G),"5,600원"
189367,등갈비/백립 - 뉴질랜드 | 실버펀팜(ME 9) - COW,"5,600원"
178349,우족 - 멕시코 | 산타라 - GF,"5,800원"
178350,우족 - 멕시코 | 산타라 - GF,"5,800원"
183978,양지갈비 - 호주 | 미트컴퍼니(249) - YP,"5,800원"
163573,스페어립 - 호주 | 그린마운틴(194) - YG,"5,900원"
183981,스페어립 - 호주 | 그린마운틴(194) - S,"5,900원"
186935,등갈비/백립 - 뉴질랜드 | 얼라이언스(136) - COW,"5,900원"
189431,우족 - 호주 | 스텐브룩,"5,900원"
180068,스페어립 - 뉴질랜드 | 실버펀팜(ME 125) - PS,"6,000원"
181108,스페어립 - 뉴질랜드 | 실버펀팜(ME 84) - PS,"6,000원"
189369,스페어립 - 뉴질랜드 | 실버펀팜(ME 15) - PS,"6,000원"
189826,등갈비/백립 - 미국 | 엑셀(86R) - 언그레이드,"6,100원"
141049,등갈비/백립 - 미국 | 엑셀(86M) - 셀렉트,"6,200원"
156733,등갈비/백립 - 미국 | 엑셀(RRA/앵거스)(86R) - 초이스(앵거스),"6,200원"
160892,양지갈비 - 호주 | 놀란(80) - BEEF,"6,200원"
180879,등갈비/백립 - 미국 | 엑셀(86M),"6,250원"
180309,양지갈비 - 호주 | 빈다리(218) - GF,"6,300원"
188998,등갈비/백립 - 미국 | IBP(245E) - 언그레이드,"6,300원"
189596,백립(조각백립) - 호주 | 티스(291) - S,"6,300원"
188575,양지갈비 - 호주 | 킬코이(640) - GF,"6,340원"
181483,스페어립 - 멕시코 | 수까르네(431) - GF,"6,400원"
188050,등갈비/백립 - 미국 | 쇼케이스(562M) - 셀렉트,"6,400원"
190360,등갈비/백립 - 미국 | 쇼케이스(562M) - 초이스,"6,400원"
140444,등갈비/백립 - 미국 | 엑셀(86K) - 언그레이드,"6,480원"
189786,등갈비/백립 - 미국 | 엑셀(86K) - 언그레이드,"6,480원"
172791,등갈비/백립 - 캐나다 | 엑셀(51) - AAA,"6,500원"
181667,스페어립 - 호주 | 미트컴퍼니(249) - YP,"6,500원"
177170,등갈비/백립 - 미국 | 엑셀(86R) - 셀렉트,"6,590원"
188690,스페어립 - 호주 | 킬코이(640) - GF,"6,590원"
8098,양지갈비 - 멕시코 | 비바 - GF,"6,600원"
173317,등갈비/백립 - 미국 | 쇼케이스(562M) - 셀렉트,"6,600원"
189671,등갈비/백립 - 미국 | 엑셀(86R) - 셀렉트,"6,600원"
156844,등갈비/백립 - 미국 | IBP(278) - 언그레이드,"6,700원"
161935,백립(조각백립) - 호주 | 티스(294) - GF,"6,700원"
176246,스페어립 - 호주 | 로키어벨리 - S,"6,700원"
81631,등갈비/백립 - 미국 | EXCEL(86R) - 셀렉트,"6,800원"
164122,등갈비/백립 - 미국 | IBP(245E) - 언그레이드,"6,800원"
166386,등갈비/백립 - 미국 | IBP(245L) - 언그레이드,"6,800원"
172493,등갈비/백립 - 미국 | IBP(278) - 언그레이드,"6,800원"
8079,스페어립 - 호주 | NOLAN(80) - YG,"6,900원"
161395,등갈비/백립 - 미국 | 엑셀(354) - 셀렉트,"6,900원"
168741,등갈비/백립 - 미국 | 뎀코타(45471) - 초이스,"6,900원"
147029,등갈비/백립 - 미국 | 쇼케이스(562M) - 초이스,"6,990원"
149686,등갈비/백립 - 미국 | 쇼케이스(562) - 초이스,"6,990원"
172952,등갈비/백립 - 미국 | 위리저브(27472),"7,000원"
112518,등갈비/백립 - 호주 | 하비(648) - BEEF,"7,100원"
176126,잡육 - 호주 | 티스(423),"7,100원"
7223,등갈비/백립 - 미국 | 크릭스톤,"7,200원"
7698,등갈비/백립 - 미국 | 크릭스톤,"7,200원"
184218,삼겹양지 - 호주 | 오키,"7,200원"
189565,등갈비/백립 - 미국 | 메이어(86R) - 초이스(앵거스),"7,200원"
162558,등갈비/백립 - 미국 | 엑셀(86M) - 초이스,"7,300원"
191198,차돌양지 - 미국 | IBP - 프라임,"7,300원"
186318,헤드미트 - 호주 | 티스(291),"7,400원"
10547,등갈비/백립 - 미국 | 엑셀(86E) - 셀렉트,"7,440원"
159482,헤드미트 - 호주 | 티스(294),"7,450원"
168919,등갈비/백립 - 미국 | 엑셀(86E) - 셀렉트,"7,450원"
188353,등갈비/백립 - 미국 | 스위프트(969G) - 언그레이드,"7,450원"
180410,[대량상품]등갈비/백립 - 미국 | 오마하 - 언그레이드,"7,460원"
139726,토시살(조각) - 미국 | 엑셀(86E) - 언그레이드,"7,500원"
145313,토시살(조각) - 미국 | 엑셀(86M) - 언그레이드,"7,500원"
159017,목심 - 멕시코 | 수까르네 - GF,"7,500원"
179124,목심 - 멕시코 | 수까르네 - GF,"7,500원"
186032,등갈비/백립 - 미국 | 엑셀(86E) - 셀렉트,"7,500원"
187249,잡육 - 호주 | AMH,"7,500원"
188343,등갈비/백립 - 미국 | 스위프트(969) - 언그레이드,"7,500원"
188846,차돌양지 - 캐나다 | 캐내디언 다이아몬드 비프(38) - AA,"7,500원"
189438,우족 - 호주 | 스텐브룩,"7,500원"
188420,앞다리/전각 - 캐나다 | 엑셀(51) - AA,"7,600원"
152193,차돌양지 - 미국 | 엑셀(86E) - 초이스,"7,650원"
123318,차돌양지 - 미국 | IBP - 초이스,"7,700원"
187681,앞다리/전각 - 캐나다 | 엑셀(93) - AA,"7,700원"
188427,차돌양지 - 미국 | 스위프트(3D) - 셀렉트,"7,700원"
189860,차돌양지 - 미국 | IBP - 초이스,"7,700원"
189517,등갈비/백립 - 미국 | 엑셀(ESA/앵거스)(86E) - 초이스(앵거스),"7,700원"
189533,일반갈비 - 뉴질랜드 | 실버펀팜(ME 84) - COW,"7,700원"
173722,[대량상품] 삼겹양지 - 호주 | AMH(517(AMH)) - GF,"7,760원"
161830,등갈비/백립 - 미국 | 1855(블랙앵거스)(969G(SWIFT1855)) - 초이스,"7,800원"
180559,토시살 - 호주 | 그레이트써든 - YP,"7,800원"
188895,차돌양지 - 미국 | 엑셀(86M) - 초이스,"7,850원"
180004,[대량상품] 알전각/볼라전각 - 미국 | 스위프트(969G) - 초이스,"7,860원"
188259,차돌양지 - 미국 | 엑셀(86R) - 초이스,"7,870원"
173674,등갈비/백립 - 미국 | 샘케인(337) - 언그레이드,"7,900원"
177435,일반갈비 - 호주 | 티스(294) - A,"7,900원"
177509,일반갈비 - 뉴질랜드 | 유니버설(ME127) - COW,"7,900원"
177851,토시살 - 미국 | 엑셀(354) - 셀렉트,"7,900원"
189861,등갈비/백립 - 호주 | AMH(4) - A,"7,900원"
182793,등갈비/백립 - 미국 | 오마하(960A),"7,940원"
178344,등갈비/백립 - 미국 | 오마하(960A),"7,950원"
160935,일반갈비 - 호주 | 티스(294) - A,"8,000원"
172134,등갈비/백립 - 미국 | 오마하(960A),"8,000원"
177146,일반갈비 - 호주 | AMG - S,"8,000원"
177531,알전각/볼라전각 3mm - 미국 | EXCELCUT - 초이스,"8,000원"
180136,등갈비/백립 - 미국 | 오마하(960A) - 프라임,"8,000원"
191164,뽈살 - 칠레 | 프리고오소노,"8,000원"
191882,등갈비/백립 - 미국 | 오마하(960A) - CAB,"8,000원"
178346,앞다리/전각 - 멕시코 | 수까르네(431) - GF,"8,090원"
141284,차돌양지 - 미국 | 엑셀(86R) - 초이스,"8,100원"
178295,앞다리/전각 - 멕시코 | 수까르네(431) - GF,"8,100원"
81718,알전각/볼라전각 - 캐나다 | EXCEL(93) - AAA,"8,150원"
155149,등갈비/백립 - 미국 | 엑셀(86K) - 셀렉트,"8,170원"
186968,등갈비/백립 - 미국 | 엑셀(86K) - 언그레이드,"8,170원"
186102,등갈비/백립 - 미국 | 엑셀(86K) - 셀렉트,"8,180원"
155141,차돌양지 - 미국 | 스위프트(3D) - 초이스,"8,190원"
176285,차돌양지 - 미국 | 스위프트(3D) - 초이스,"8,190원"
181201,앞사태 - 멕시코 | 수까르네(TIF 111) - GF,"8,190원"
181338,뒷사태 - 멕시코 | 수까르네(TIF 111) - GF,"8,190원"
153287,등갈비/백립 - 미국 | IBP(245E) - 언그레이드,"8,200원"
164859,등갈비/백립 - 호주 | AMG - S,"8,200원"
168407,등갈비/백립 - 미국 | 엑셀(86M) - 초이스,"8,200원"
168408,등갈비/백립 - 미국 | 엑셀(86M) - 초이스,"8,200원"
187350,앞사태 - 멕시코 | 수까르네 - GF,"8,200원"
187568,뒷사태 - 멕시코 | 수까르네 - GF,"8,200원"
159512,알전각/볼라전각 - 미국 | 엑셀(86R) - 초이스,"8,210원"
162777,토시살 - 미국 | 엑셀(86E) - 언그레이드,"8,240원"
137159,알전각/볼라전각 - 미국 | 엑셀(86R) - 초이스,"8,250원"
158489,등갈비/백립 - 미국 | 뎀코타 - 초이스,"8,250원"
191265,토시살 - 미국 | 엑셀(86K) - 언그레이드,"8,250원"
187722,알전각/볼라전각 - 미국 | 엑셀(86K) - 초이스,"8,270원"
156685,알전각/볼라전각 - 미국 | 엑셀(RRA/앵거스)(86R) - 초이스(앵거스),"8,290원"
188269,알전각/볼라전각 - 미국 | 엑셀(86K) - 초이스,"8,290원"
137618,차돌양지 - 미국 | 엑셀(86R) - 초이스,"8,300원"
161491,알전각/볼라전각 - 미국 | 엑셀(86M) - 초이스,"8,300원"
171484,알전각/볼라전각 - 미국 | 엑셀(ESA/앵거스)(86K(EXCEL/ESA)) - 초이스(앵거스),"8,300원"
186624,알전각/볼라전각 - 미국 | 샘케인(337) - 초이스,"8,300원"
187551,곱창 - 칠레 | 프리고오소노,"8,300원"
191162,곱창 - 칠레 | 프리고오소노,"8,300원"
137292,알전각/볼라전각 - 미국 | 엑셀(86E) - 초이스,"8,340원"
81719,알전각/볼라전각 - 미국 | 엑셀(86E) - 초이스,"8,350원"
161096,알전각/볼라전각 - 미국 | 스위프트(3D) - 초이스,"8,400원"
171188,안창살 - 뉴질랜드 | 아프코 - BEEF,"8,400원"
191251,토시살 - 뉴질랜드 | 아프코(ME32),"8,400원"
191252,안창살 - 뉴질랜드 | 아프코(ME32),"8,400원"
180007,[대량상품]알전각/볼라전각 - 호주 | AMH(384) - S,"8,480원"
142904,일반갈비 - 호주 | AMH(235) - A,"8,500원"
150496,뽈살 - 호주 | 카지노,"8,500원"
175928,토시살 - 뉴질랜드 | 유니버설(ME127),"8,500원"
180724,양깃머리 - 호주 | 오키 - BEEF,"8,500원"
190614,일반갈비 - 호주 | AMH(235) - A,"8,500원"
164262,차돌양지 - 미국 | 스위프트(969) - 초이스,"8,570원"
187383,차돌양지 - 미국 | 스위프트(969G) - 초이스,"8,580원"
114653,뽈살 - 호주 | 카지노(239),"8,600원"
123595,일반갈비 - 호주 | 미드필드(180) - A,"8,600원"
144903,뽈살 - 호주 | 놀란(80) - BEEF,"8,600원"
150003,뽈살 - 호주 | AMH(235) - S,"8,600원"
169545,삼겹양지 - 미국 | 엑셀 - 언그레이드,"8,600원"
183701,일반갈비 - 호주 | AMH(235) - A,"8,600원"
183702,일반갈비 - 호주 | AMH(4) - A,"8,600원"
191258,뽈살 - 호주 | AMH(4),"8,600원"
85783,삼겹양지 - 호주 | 킬코이(640) - GF,"8,690원"
158322,뽈살 - 미국 | AFG(410),"8,700원"
174126,[낱개상품]알전각/볼라전각 - 미국 | 엑셀 - 초이스,"8,700원"
190017,삼겹양지 - 호주 | 킬코이(640) - GF,"8,700원"
143864,삼겹양지 - 호주 | 킬코이 - GF,"8,780원"
189429,토시살 - 뉴질랜드 | 실버펀팜(PH 206),"8,790원"
129320,토시살 - 뉴질랜드 | 얼라이언스(21),"8,800원"
154773,차돌양지 - 뉴질랜드 | 아프코(ME32) - PS,"8,800원"
161152,살치살 - 캐나다 | 엑셀(93) - AA,"8,800원"
162672,안창살 - 호주 | 카지노(239),"8,800원"
163014,뽈살 - 호주 | 티스,"8,800원"
172690,일반갈비 - 뉴질랜드 | 실버펀팜 - BULL,"8,800원"
173672,차돌양지 - 호주 | 힐탑(128) - A,"8,800원"
188901,차돌양지 - 호주 | AMH - GF,"8,800원"
189428,앞다리/전각 - 뉴질랜드 | 실버펀팜(ME 52) - PS,"8,800원"
189427,일반갈비 - 뉴질랜드 | 실버펀팜(ME 9) - BULL,"8,800원"
190915,사태 - 호주 | 마가렛리버(와규) - MB4~5,"8,800원"
191452,사태 - 호주 | AMG - A,"8,800원"
190042,뽈살 - 호주 | AMH(4),"8,800원"
186134,앞/척갈비 - 호주 | 티스(7) - S,"8,870원"
153874,대창 - 미국 | AFG(410),"8,880원"
191257,앞/척갈비 - 호주 | 티스(7) - S,"8,880원"
153995,차돌양지 - 미국 | IBP - 초이스,"8,900원"
160532,뽈살 - 호주 | AMG - BEEF,"8,900원"
165653,등갈비/백립 - 호주 | AMG - GF,"8,900원"
170559,설깃 - 호주 | 티스(294) - S,"8,900원"
179441,앞다리/전각 - 호주 | AMH - GF,"8,900원"
181485,뽈살 - 호주 | 킬코이(640) - GF,"8,900원"
182171,앞다리/전각 - 호주 | 오키,"8,900원"
174352,설깃 - 호주 | 킬코이(640) - GF,"8,940원"
188574,뒷사태 - 호주 | 킬코이(640) - GF,"8,970원"
120210,뒷사태 - 호주 | 킬코이(640) - GF,"8,980원"
179448,[대량상품] 목심 - 호주 | AMH(235) - S,"8,980원"
157316,뽈살 - 호주 | AMH(384),"8,990원"
174351,뽈살 - 호주 | 킬코이(640) - GF,"8,990원"
185629,대창 - 미국 | 크릭스톤(27) - 언그레이드,"8,990원"
8049,뽈살 - 호주 | 하비(648),"9,000원"
143480,부채살 - 미국 | 스위프트 - 초이스,"9,000원"
154273,설깃 - 미국 | IBP - CAB,"9,000원"
156464,알목심 - 미국 | 스위프트 - CAB,"9,000원"
157878,등갈비/백립 - 미국 | NB(19336) - 초이스,"9,000원"
163094,립본 - 미국 | 오마하(960A) - 언그레이드,"9,000원"
168792,대창 - 미국 | 크릭스톤 - 언그레이드,"9,000원"
175808,사태 - 호주 | 힐탑(128) - A,"9,000원"
177288,사태 - 덴마크 | 스카레(DK834),"9,000원"
177294,부채살 - 덴마크 | 스카레(DK834),"9,000원"
177841,등갈비/백립 - 미국 | NB(19336) - 초이스,"9,000원"
178355,대창 - 멕시코 | 산타라 - GF,"9,000원"
179284,토시살 - 호주 | 놀란(80) - YG,"9,000원"
181924,사태 - 호주 | 오키(558) - GF,"9,000원"
182395,앞/척갈비 - 캐나다 | 엑셀(51) - A,"9,000원"
187776,알전각/볼라전각 - 미국 | 엑셀(86K) - 초이스,"9,000원"
187521,홍두깨 - 미국 | 크릭스톤(27) - 초이스,"9,050원"
184133,설깃 - 호주 | AMH(170) - GF,"9,060원"
124716,안창살(조각) - 미국 | 엑셀(86R) - 언그레이드,"9,090원"
178714,[대량상품]등갈비/백립 - 미국 | 아이오와 프리미엄비프(8) - CAB,"9,090원"
126051,토시살 - 멕시코 | 비바 - GF,"9,100원"
155624,설깃 - 미국 | IBP - CAB,"9,100원"
176852,홍두깨 - 미국 | 크릭스톤(27) - 초이스,"9,100원"
179996,목심 - 호주 | 스위프트 - A,"9,100원"
183833,목심 - 우루과이 | 판도,"9,100원"
189070,안창살(조각) - 미국 | 스위프트(969G) - 언그레이드,"9,100원"
147040,목심 - 호주 | 오키(558) - A,"9,150원"
187520,설도 - 미국 | 크릭스톤 - 초이스(앵거스),"9,150원"
157084,토시살 - 미국 | 엑셀(RRA/앵거스)(86R) - 초이스,"9,180원"
180990,설도 - 미국 | 엑셀(86K) - 초이스,"9,190원"
189597,차돌양지 - 호주 | 티스(7) - A,"9,190원"
91116,토시살 - 호주 | AMH - GF,"9,200원"
144808,토시살 - 호주 | 카지노,"9,200원"
152756,홍두깨 - 미국 | 엑셀 - 초이스,"9,200원"
163100,차돌양지 - 미국 | NBP - 초이스,"9,200원"
164408,목심 - 호주 | 힐탑(128) - A,"9,200원"
169589,차돌양지 - 미국 | IBP - 프라임,"9,200원"
172689,일반갈비 - 뉴질랜드 | 실버펀팜 - PS,"9,200원"
173721,[대량상품] 설도 - 호주 | AMH(170) - GF,"9,200원"
174772,설깃 - 호주 | 블랙타이(레인저스벨리) - GF,"9,200원"
176845,설도 - 미국 | 크릭스톤 - 초이스(앵거스),"9,200원"
183836,알전각/볼라전각 - 우루과이 | 판도,"9,200원"
189372,일반갈비 - 뉴질랜드 | 실버펀팜(ME 9) - PS,"9,200원"
175446,토시살 - 미국 | 해리스랜치(783(해리스랜치)) - 언그레이드,"9,230원"
175099,토시살 - 미국 | 해리스랜치(783(해리스랜치)) - 언그레이드,"9,230원"
191263,알전각/볼라전각 - 호주 | AMH(235) - A,"9,250원"
150516,목심 - 호주 | AMH(235) - A,"9,270원"
81682,설도 - 미국 | EXCEL(86K) - 초이스,"9,280원"
161435,알전각/볼라전각 - 미국 | 엑셀 - 초이스,"9,280원"
184130,목심 - 호주 | AMH(235) - A,"9,280원"
182345,스지(뒷스지) - 호주 | 킬코이(640) - GF,"9,290원"
183515,스지(뒷스지) - 호주 | 킬코이(640) - GF,"9,290원"
81778,토시살 - 미국 | 엑셀(86K) - 언그레이드,"9,300원"
126442,앞다리/전각 - 호주 | AMH(235) - A,"9,300원"
134002,앞다리/전각 - 호주 | AMH(384) - A,"9,300원"
8110,차돌양지 - 호주 | 하비 - A,"9,300원"
85076,알목심 - 미국 | 엑셀(86E) - 초이스,"9,300원"
152361,홍두깨 - 미국 | 스위프트 - 초이스,"9,300원"
161923,토시살 - 캐나다 | 캐내디언 다이아몬드 비프(38) - A,"9,300원"
161624,설도 - 미국 | 엑셀(86M) - 초이스,"9,300원"
168089,양지갈비 - 뉴질랜드 | 그린니아(ME 124) - PS,"9,300원"
177289,목심 - 덴마크 | 스카레(DK834),"9,300원"
177383,앞/척갈비 - 호주 | 미트컴퍼니(249) - YP,"9,300원"
178769,스지(뒷스지) - 호주 | 스텐브룩(203) - GF,"9,300원"
179674,스지(뒷스지) - 호주 | 스텐브룩 - GF,"9,300원"
186183,앞다리/전각 - 미국 | 스위프트(969G) - 초이스,"9,300원"
189561,차돌양지 - 덴마크 | 스카레(DK834),"9,300원"
159240,홍두깨 - 미국 | 스위프트(3D) - 초이스,"9,350원"
188996,홍두깨 - 미국 | 스위프트(3D) - 초이스,"9,350원"
174349,앞사태 - 호주 | 킬코이(640) - GF,"9,370원"
116962,앞사태 - 호주 | 킬코이(640) - GF,"9,380원"
150519,대창 - 멕시코 | 비바 - GF,"9,400원"
172768,설도 - 호주 | 힐탑(128) - A,"9,400원"
177736,차돌양지 - 호주 | 랄프 - S,"9,400원"
182170,앞다리/전각 - 호주 | 오키,"9,400원"
185064,설도 - 미국 | 샘케인(337) - 언그레이드,"9,400원"
185067,홍두깨 - 미국 | 샘케인(337) - 언그레이드,"9,400원"
189370,목심 - 뉴질랜드 | 실버펀팜(ME 9) - PS,"9,400원"
190035,대창 - 멕시코 | 비바 - GF,"9,400원"
191548,차돌양지 - 호주 | 콜스 - YP,"9,400원"
123453,대창 - 미국 | 크릭스톤,"9,450원"
177850,토시살 - 미국 | 엑셀(354) - 초이스,"9,480원"
8082,안창살 - 호주 | 하비(648),"9,500원"
8116,토시살 - 호주 | 놀란,"9,500원"
5332,곱창 - 뉴질랜드 | AMP,"9,500원"
144855,일반갈비 - 호주 | 카지노(239) - VEAL,"9,500원"
145310,삼겹양지 - 미국 | 스위프트(969) - 초이스,"9,500원"
156317,숏립앤드 - 미국 | 오마하,"9,500원"
154863,토시살 - 미국 | 쇼케이스 - 초이스,"9,500원"
164591,앞/척갈비 - 호주 | 미트컴퍼니(1620) - YP,"9,500원"
174363,뒷사태 - 호주 | 엘그로(와규)(243(L'GROW/와규)) - MB4~5,"9,500원"
176106,대창 - 미국 | 크릭스톤 - 언그레이드,"9,500원"
177286,설도 - 덴마크 | 스카레(DK834),"9,500원"
178352,뒷사태 - 멕시코 | 산타라 - GF,"9,500원"
179471,목심 - 호주 | 미드필드,"9,500원"
179516,토시살 - 미국 | NB(19336) - 초이스,"9,500원"
184814,스지 - 호주 | 하비(648) - BEEF,"9,500원"
185832,앞/척갈비 - 호주 | 티스(423),"9,500원"
186335,부채살 - 호주 | AMG - A,"9,500원"
188580,삼겹양지 - 호주 | 엘그로(와규)(243(L'GROW/와규)) - MB3,"9,500원"
189433,삼겹양지 - 호주 | 킬코이,"9,500원"
189444,차돌양지 - 호주 | 놀란(80) - YGGF,"9,500원"
191031,[낱개상품]살치살 - 캐나다 | 엑셀 - AA,"9,500원"
191656,삼겹양지 - 호주 | 오키,"9,500원"
128945,곱창 - 뉴질랜드 | AMP,"9,510원"
187569,삼겹양지2.5mm - 호주 | AMH - GF,"9,530원"
137442,삼겹양지 - 미국 | 엑셀(86M) - 언그레이드,"9,580원"
172771,삼겹양지 - 미국 | 엑셀(354) - 언그레이드,"9,590원"
8093,앞다리/전각 - 호주 | 놀란 - GF,"9,600원"
156876,삼겹양지 - 미국 | 엑셀(RRA/앵거스)(86R) - 초이스(앵거스),"9,600원"
174122,[낱개상품]삼겹양지 - 미국 | 엑셀 - 언그레이드,"9,600원"
186648,삼겹양지 - 미국 | 엑셀(86M) - 언그레이드,"9,600원"
189820,차돌양지 - 호주 | 콜스 - YP,"9,600원"
185499,양지늑간 - 미국 | 엑셀(354) - 언그레이드,"9,630원"
184319,알전각/볼라전각 - 호주 | 티스(423) - S,"9,680원"
185933,알전각/볼라전각 - 호주 | 티스(294) - S,"9,690원"
8038,목심 - 호주 | 하비(648) - A,"9,700원"
20138,양지늑간 - 미국 | 위리저브(27472) - 초이스,"9,700원"
8054,살치살 - 멕시코 | 비바 - GF,"9,700원"
135046,양지늑간 - 미국 | 아이오와 프리미엄비프(8),"9,700원"
156863,등갈비/백립 - 미국 | 44팜스,"9,700원"
148537,등갈비/백립 - 미국 | 44팜스,"9,700원"
163564,부채살 - 미국 | 샘케인(337) - 초이스,"9,700원"
166781,양지늑간 - 미국 | 위리저브(27472),"9,700원"
166389,등갈비/백립 - 미국 | 아이오와 프리미엄비프(8) - CAB,"9,700원"
172949,등갈비/백립 - 미국 | 아이오와 프리미엄비프(8),"9,700원"
181707,알전각/볼라전각 - 호주 | 그린햄 - A,"9,700원"
183700,안창살 - 호주 | AMH(688),"9,700원"
183826,사태 - 호주 | 타지마(와규) - MB4~5,"9,700원"
186626,알전각/볼라전각 - 호주 | 미트컴퍼니(423) - YP,"9,700원"
191275,부채살 - 미국 | 스위프트(3D) - 언그레이드,"9,700원"
145475,알목심 - 미국 | IBP - 초이스,"9,790원"
155148,알전각/볼라전각 - 호주 | 티스(7) - S,"9,790원"
185517,알전각/볼라전각 - 호주 | 킬코이(640) - GF,"9,790원"
8084,안창살 - 호주 | NOLAN(80),"9,800원"
144794,알목심 - 미국 | IBP - CAB,"9,800원"
163553,토시살 - 미국 | 샘케인(337) - 초이스,"9,800원"
163565,채끝등심 - 호주 | 힐탑(128) - A,"9,800원"
165287,앞다리/전각 - 뉴질랜드 | 실버펀팜(ME 84) - PS,"9,800원"
172841,홍두깨 - 뉴질랜드 | 얼라이언스(21) - BULL,"9,800원"
175115,설도 - 호주 | 하비(648) - S,"9,800원"
174774,앞다리/전각 - 호주 | 블랙타이(레인저스벨리) - GF,"9,800원"
177257,부채살 - 미국 | 쇼케이스(562) - 셀렉트,"9,800원"
179265,대창 - 미국 | NB(19336) - 언그레이드,"9,800원"
185460,대동맥 - 호주 | 그린햄,"9,800원"
188911,살치살 - 미국 | 스위프트(969G) - 언그레이드,"9,800원"
189442,우둔 - 미국 | 샘케인(337) - 언그레이드,"9,800원"
189534,홍두깨 - 뉴질랜드 | 실버펀팜(ME 9) - BULL,"9,800원"
189642,알전각/볼라전각 - 호주 | 티스 - S,"9,800원"
189725,앞/척갈비 - 호주 | 콜스 - YP,"9,800원"
124714,토시살 - 미국 | 엑셀(86K) - 초이스,"9,820원"
137784,토시살 - 미국 | 엑셀(86R) - 초이스,"9,820원"
81782,토시살 - 미국 | 엑셀(86E) - 초이스,"9,830원"
154389,앞/척갈비 - 미국 | 엑셀(86R) - 초이스,"9,850원"
180000,부채살 - 미국 | 스위프트(3D) - 셀렉트,"9,850원"
8010,등갈비/백립 - 멕시코 | 비바 - GF,"9,900원"
145583,부채살 - 미국 | 엑셀 - 초이스,"9,900원"
153740,부채살 - 호주 | 그린햄 - A,"9,900원"
161170,목심 - 호주 | AMG - S,"9,900원"
161163,스지 - 호주 | AMG - BEEF,"9,900원"
163789,작업양지 - 미국 | 스위프트(969G) - 초이스,"9,900원"
165628,알전각/볼라전각 - 호주 | 카라라(와규)(640) - MB4~5,"9,900원"
169352,[낱개상품]토시살 - 미국 | IBP - 언그레이드,"9,900원"
172679,앞다리/전각 - 호주 | AMH(235) - GF,"9,900원"
177729,차돌양지 - 호주 | 블랙타이(레인저스벨리) - GF,"9,900원"
184039,제비추리 - 호주 | 카라라(와규)(640),"9,900원"
143966,부채살 - 미국 | 엑셀 - 초이스,"9,910원"
150525,삼겹양지 - 미국 | IBP(245J) - 언그레이드,"9,940원"
155554,삼겹양지 - 미국 | IBP(278) - 언그레이드,"9,940원"
147734,토시살 - 미국 | 엑셀 - 초이스,"9,950원"
174089,삼겹양지 - 미국 | IBP(278) - 언그레이드,"9,950원"
186301,알목심 - 미국 | 엑셀(86R) - 초이스,"9,950원"
185031,살치살 - 미국 | 엑셀(86K) - 셀렉트,"9,980원"
143820,토시살 - 미국 | IBP - 초이스,"9,990원"
8084,안창살 - 호주 | NOLAN(80),"9,800원"
144794,알목심 - 미국 | IBP - CAB,"9,800원"
163553,토시살 - 미국 | 샘케인(337) - 초이스,"9,800원"
163565,채끝등심 - 호주 | 힐탑(128) - A,"9,800원"
165287,앞다리/전각 - 뉴질랜드 | 실버펀팜(ME 84) - PS,"9,800원"
172841,홍두깨 - 뉴질랜드 | 얼라이언스(21) - BULL,"9,800원"
175115,설도 - 호주 | 하비(648) - S,"9,800원"
174774,앞다리/전각 - 호주 | 블랙타이(레인저스벨리) - GF,"9,800원"
177257,부채살 - 미국 | 쇼케이스(562) - 셀렉트,"9,800원"
179265,대창 - 미국 | NB(19336) - 언그레이드,"9,800원"
185460,대동맥 - 호주 | 그린햄,"9,800원"
188911,살치살 - 미국 | 스위프트(969G) - 언그레이드,"9,800원"
189442,우둔 - 미국 | 샘케인(337) - 언그레이드,"9,800원"
189534,홍두깨 - 뉴질랜드 | 실버펀팜(ME 9) - BULL,"9,800원"
189642,알전각/볼라전각 - 호주 | 티스 - S,"9,800원"
189725,앞/척갈비 - 호주 | 콜스 - YP,"9,800원"
124714,토시살 - 미국 | 엑셀(86K) - 초이스,"9,820원"
137784,토시살 - 미국 | 엑셀(86R) - 초이스,"9,820원"
81782,토시살 - 미국 | 엑셀(86E) - 초이스,"9,830원"
154389,앞/척갈비 - 미국 | 엑셀(86R) - 초이스,"9,850원"
180000,부채살 - 미국 | 스위프트(3D) - 셀렉트,"9,850원"
8010,등갈비/백립 - 멕시코 | 비바 - GF,"9,900원"
145583,부채살 - 미국 | 엑셀 - 초이스,"9,900원"
153740,부채살 - 호주 | 그린햄 - A,"9,900원"
161170,목심 - 호주 | AMG - S,"9,900원"
161163,스지 - 호주 | AMG - BEEF,"9,900원"
163789,작업양지 - 미국 | 스위프트(969G) - 초이스,"9,900원"
165628,알전각/볼라전각 - 호주 | 카라라(와규)(640) - MB4~5,"9,900원"
169352,[낱개상품]토시살 - 미국 | IBP - 언그레이드,"9,900원"
172679,앞다리/전각 - 호주 | AMH(235) - GF,"9,900원"
177729,차돌양지 - 호주 | 블랙타이(레인저스벨리) - GF,"9,900원"
184039,제비추리 - 호주 | 카라라(와규)(640),"9,900원"
143966,부채살 - 미국 | 엑셀 - 초이스,"9,910원"
150525,삼겹양지 - 미국 | IBP(245J) - 언그레이드,"9,940원"
155554,삼겹양지 - 미국 | IBP(278) - 언그레이드,"9,940원"
147734,토시살 - 미국 | 엑셀 - 초이스,"9,950원"
174089,삼겹양지 - 미국 | IBP(278) - 언그레이드,"9,950원"
186301,알목심 - 미국 | 엑셀(86R) - 초이스,"9,950원"
185031,살치살 - 미국 | 엑셀(86K) - 셀렉트,"9,980원"
143820,토시살 - 미국 | IBP - 초이스,"9,990원"
174281,앞/척갈비 - 미국 | 엑셀(86R) - 초이스,"9,990원"
185516,설도 - 호주 | 킬코이(640) - GF,"9,990원"
144684,알목심 - 미국 | IBP - 프라임,"10,000원"
144986,대창 - 멕시코 | 비바 - GF,"10,000원"
145001,살치살 - 미국 | 스위프트 - 초이스,"10,000원"
154570,윗등심/척로스트 - 미국 | 스위프트 - 초이스,"10,000원"
155162,등갈비/백립 - 미국 | 브롤리비프(21488),"10,000원"
148131,곱창 - 호주 | 오키(558) - S,"10,000원"
151431,알목심 - 미국 | 엑셀(86R) - 초이스,"10,000원"
165672,차돌양지 - 호주 | 카라라(와규)(640) - MB4~5,"10,000원"
169275,[낱개상품]알목심 - 미국 | IBP - 프라임,"10,000원"
169372,[낱개상품]알목심 - 미국 | 엑셀 - 프라임,"10,000원"
175215,뒷사태 - 호주 | 엘그로(와규)(243(L'GROW/와규)) - MB6~7,"10,000원"
188889,토시살 - 미국 | NB(19336) - CAB,"10,000원"
189371,스지 - 뉴질랜드 | 실버펀팜(ME 15),"10,000원"
189379,곱창 - 호주 | 오키 - S,"10,000원"
190951,[다짐육]목심 - 호주 | 티스 - S,"10,000원"
191634,앞/척갈비 - 미국 | 엑셀(86R) - 초이스,"10,000원"
5341,곱창 - 호주 | 티스 - S,"10,100원"
126384,목심 - 호주 | 티스(291) - A,"10,100원"
133882,설도 - 호주 | AMH(170) - GF,"10,100원"
143856,앞다리/전각 - 호주 | AMH - GF,"10,100원"
161397,알목심 - 미국 | 엑셀(RRA/앵거스)(86R) - 초이스(앵거스),"10,100원"
154569,곱창 - 호주 | 오키 - S,"10,100원"
164169,설도 - 호주 | AMH(170) - GF,"10,100원"
188292,[주문세절]알전각/볼라전각 - 호주 | AMH - S,"10,100원"
150262,알목심 - 미국 | IBP(278) - 초이스,"10,150원"
188108,알목심 - 미국 | IBP(278) - 초이스,"10,150원"
85807,알목심 - 호주 | 킬코이(640) - GF,"10,190원"
161656,알목심 - 미국 | 엑셀(86M) - 초이스,"10,190원"
176495,목심 - 호주 | AMH(235) - S,"10,190원"
143625,알목심 - 미국 | IBP - CAB,"10,200원"
144940,부채살 - 미국 | 엑셀 - 초이스,"10,200원"
122767,알목심 - 미국 | 엑셀(PSA/앵거스)(86R(EXCEL/PSA)) - 초이스,"10,200원"
147091,부채살 - 미국 | 쇼케이스(562) - 초이스,"10,200원"
147281,부채살 - 미국 | 쇼케이스(562) - 초이스,"10,200원"
150713,대동맥 - 멕시코 | 비바 - GF,"10,200원"
147666,목심 - 호주 | 티스(294) - A,"10,200원"
153290,부채살 - 미국 | 쇼케이스(562M) - 초이스,"10,200원"
162095,부채살 - 미국 | 쇼케이스(562M) - 초이스,"10,200원"
164541,부채살 - 미국 | 쇼케이스(562) - 초이스,"10,200원"
182929,목심 - 호주 | AMH(384) - S,"10,200원"
184045,알목심 - 호주 | 킬코이(640) - GF,"10,200원"
186334,부채살 - 호주 | AMG - S,"10,200원"
187279,알목심 - 미국 | 스위프트(969G) - 초이스,"10,200원"
187740,목심 - 호주 | AMH(384) - S,"10,200원"
118962,차돌양지 - 호주 | 킬코이(640) - GF,"10,220원"
6950,차돌양지 - 호주 | 킬코이(640) - GF,"10,230원"
135799,[민찌용]목심 - 호주 | AMH(4) - A,"10,230원"
161667,등갈비/백립 - 호주 | 티스(294) - S,"10,250원"
163869,부채살 - 미국 | 쇼케이스(562M) - 초이스,"10,250원"
176288,목심 - 호주 | 티스(294) - A,"10,250원"
191924,앞/척갈비 - 미국 | 엑셀(86K) - 초이스,"10,270원"
124071,앞/척갈비 - 미국 | 엑셀(86K) - 초이스,"10,280원"
162094,대창 - 호주 | 오키 - S,"10,300원"
169373,[낱개상품]알목심 - 미국 | 엑셀(PSA/앵거스) - 초이스(앵거스),"10,300원"
182027,앞/척갈비 - 미국 | 스위프트(3D) - 셀렉트,"10,300원"
184991,목심 - 호주 | AMH(517(AMH)) - GF,"10,300원"
151084,차돌양지 - 호주 | AMH(235) - S,"10,350원"
177110,차돌양지 - 호주 | AMH(235) - GF,"10,350원"
187733,토시살 - 미국 | 엑셀 - 프라임,"10,380원"
143696,토시살 - 미국 | 엑셀 - 프라임,"10,390원"
144984,곱창 - 멕시코 | 비바 - GF,"10,400원"
119045,사태 - 호주 | 타지마(와규) - MB5UP,"10,400원"
119594,곱창 - 멕시코 | 비바 - GF,"10,400원"
151458,곱창 - 멕시코 | 비바 - GF,"10,400원"
139005,사태 - 호주 | 놀란(80) - GF,"10,400원"
163319,앞다리/전각 - 미국 | 엑셀(86R) - 초이스,"10,400원"
169351,[낱개상품]토시살 - 미국 | IBP - 초이스,"10,400원"
174097,[낱개상품]목심 - 미국 | IBP - 초이스,"10,400원"
176290,목심 - 호주 | 티스(294) - S,"10,400원"
183732,알전각/볼라전각 - 호주 | 카라라(와규)(640) - MB6~7,"10,400원"
188290,[주문세절]부채살 - 미국 | 쇼케이스 - 초이스,"10,400원"
146548,토시살 - 미국 | 엑셀 - 프라임,"10,440원"
162257,스지 - 호주 | AMH - S,"10,450원"
161313,등갈비/백립 - 호주 | 티스(294) - GF,"10,490원"
116180,곱창 - 호주 | 티스 - S,"10,500원"
8051,사태 - 멕시코 | VIBA - GF,"10,500원"
116079,알목심 - 미국 | 엑셀(86M) - 프라임,"10,500원"
154665,알목심 - 미국 | 엑셀(86M) - 프라임,"10,500원"
143824,토시살 - 미국 | IBP - 언그레이드,"10,500원"
162240,등갈비/백립 - 호주 | 티스(291) - GF,"10,500원"
156849,알목심 - 미국 | IBP(245C) - CAB,"10,500원"
158876,일반갈비 - 호주 | AMH - GF,"10,500원"
164412,설도 - 호주 | 카라라(와규)(640) - MB4~5,"10,500원"
167011,설도 - 호주 | 레븐스워쓰(218) - GF,"10,500원"
169032,차돌양지 - 호주 | AMH(517(AMH)) - A,"10,500원"
169314,[낱개상품]알목심 - 미국 | IBP - 초이스,"10,500원"
172650,앞/척갈비 - 미국 | 브롤리비프 - 초이스,"10,500원"
172631,설도 - 호주 | 티스(294) - S,"10,500원"
174129,[낱개상품]알목심 - 미국 | 엑셀 - 초이스,"10,500원"
175950,사태 - 호주 | 타지마(와규) - MB8UP,"10,500원"
178816,부채살 - 호주 | 스텐브룩(203) - YP,"10,500원"
183177,스지 - 호주 | JBS - BEEF,"10,500원"
185858,사태 - 호주 | AMH(170) - MB2,"10,500원"
186573,곱창 - 호주 | 티스 - S,"10,500원"
167316,알전각/볼라전각2mm - 미국 | EXCELCUT - 초이스,"10,570원"
172170,[소량세절]알전각/볼라전각2mm - 미국 | 엑셀,"10,580원"
187694,삼겹양지2.5mm - 호주 | AMH - GF,"10,580원"
187696,삼겹양지2.5mm - 호주 | 킬코이(640) - GF,"10,580원"
190188,작업차돌양지(차돌박이) - 미국 | IBP - 초이스,"10,580원"
141652,홍두깨 - 호주 | 그린햄 - S,"10,600원"
142123,LA갈비 - 멕시코 | 수까르네 - GF,"10,600원"
164370,알목심 - 미국 | NBP - CAB,"10,600원"
169276,[낱개상품]알목심 - 미국 | IBP - CAB,"10,600원"
177727,앞/척갈비 - 미국 | AFG(410) - 셀렉트,"10,600원"
188291,[주문세절]목심 - 호주 | AMH - S,"10,600원"
10603,앞/척갈비 - 미국 | 엑셀(86M) - 초이스,"10,630원"
189073,앞/척갈비 - 미국 | 엑셀(86M) - 초이스,"10,640원"
140788,[돌돌이]삼겹양지10kg(2.5kg x 4) - 미국 | IBP,"10,680원"
185518,등갈비/백립 - 호주 | 킬코이(640) - GF,"10,690원"
143822,토시살 - 미국 | IBP - CAB,"10,700원"
123692,목심 - 호주 | 티스(7) - S,"10,700원"
167477,LA갈비 - 멕시코 | 수까르네 - GF,"10,700원"
175949,차돌양지 - 호주 | AMH(170) - GF,"10,740원"
6953,차돌양지 - 호주 | 킬코이 - GF,"10,750원"
123566,앞다리/전각 - 미국 | 엑셀,"10,800원"
154418,부채살 - 미국 | AFG(410) - 초이스,"10,800원"
167010,홍두깨 - 호주 | 레븐스워쓰(218) - GF,"10,800원"
173242,목심 - 호주 | 블랙타이(레인저스벨리) - GF,"10,800원"
174004,[낱개상품]토시살 - 미국 | IBP - CAB,"10,800원"
184975,일반갈비 - 호주 | AMH(688) - S,"10,800원"
185936,홍두깨 - 호주 | 티스(399) - A,"10,870원"
156497,앞다리/전각 - 미국 | 엑셀(86M) - 초이스,"10,900원"
164222,홍두깨 - 뉴질랜드 | 유니버설(ME127) - BULL,"10,900원"
180247,[소량세절]삼겹양지2mm - 미국 | 엑셀,"10,900원"
182746,홍두깨 - 호주 | 미트컴퍼니(1620) - YP,"10,900원"
190358,알목심 - 캐나다 | 하모니비프 - 프라임,"10,900원"
172262,[돌돌이]삼겹양지 - 미국 | 엑셀,"10,990원"
8034,목심 - 호주 | 놀란(80) - YGGF,"11,000원"
143612,부채살 - 미국 | IBP - 프라임,"11,000원"
85101,알목심 - 미국 | 엑셀(86M) - 프라임,"11,000원"
143936,토시살 - 미국 | 엑셀(PSA/앵거스) - 초이스,"11,000원"
157881,앞/척갈비 - 미국 | NB(19336) - 초이스,"11,000원"
159262,곱창 - 호주 | 오키 - GF,"11,000원"
150683,목심 - 호주 | 카라라(와규)(640) - MB6~7,"11,000원"
162409,설도 - 호주 | 카라라(와규)(640) - MB6~7,"11,000원"
163826,뽈살 - 호주 | 카라라(와규)(640),"11,000원"
169404,[낱개상품]토시살 - 미국 | 엑셀(PSA/앵거스) - 초이스(앵거스),"11,000원"
168600,삼겹양지2.5mm - 미국 | 엑셀,"11,000원"
174098,[낱개상품]목심 - 호주 | 티스 - S,"11,000원"
176882,부채살 - 미국 | AFG(서버스 초이스) - 초이스,"11,000원"
178213,앞/척갈비 - 호주 | 빈다리(218) - GF,"11,000원"
183031,알목심 - 미국 | IBP - CAB,"11,000원"
189857,앞/척갈비 - 호주 | AMH(384) - S,"11,000원"
190916,치마살 - 호주 | 스위프트 - S,"11,000원"
174121,사태 - 호주 | 빈다리(218) - GF,"11,200원"
188848,차돌양지 - 미국 | IBP - 초이스,"11,200원"
189631,홍두깨 - 호주 | 티스(7) - S,"11,200원"
156868,[소량세절]삼겹양지3mm - 미국 | 엑셀,"11,280원"
10562,부채살 - 미국 | 엑셀(86K) - 초이스,"11,290원"
159418,삼겹양지 2mm - 미국 | 엑셀,"11,290원"
150372,알목심 - 미국 | 스위프트 - 프라임,"11,300원"
126318,앞다리/전각 - 호주 | 세중,"11,300원"
163419,삼겹양지1.5mm - 미국 | 엑셀 - 언그레이드,"11,300원"
172270,알목심 - 미국 | 엑셀(RRA/앵거스)(86R) - 초이스(앵거스),"11,300원"
173241,로스트비프 - 호주 | 블랙타이(레인저스벨리) - GF,"11,300원"
173246,갈비살/늑간살 - 호주 | 블랙타이(레인저스벨리) - GF,"11,300원"
191264,양깃머리 - 호주 | AMH - S,"11,300원"
190971,부채살 - 미국 | 엑셀(86M) - 초이스,"11,300원"
81658,부채살 - 미국 | 엑셀(86K) - 초이스,"11,360원"
8126,홍두깨 - 호주 | 놀란 - GF,"11,400원"
10560,부채살 - 미국 | 엑셀(86E) - 초이스,"11,400원"
7034,홍두깨 - 호주 | 킬코이(640) - GF,"11,400원"
137904,부채살 - 미국 | 엑셀(86K) - 초이스,"11,400원"
143630,토시살 - 미국 | IBP - CAB,"11,400원"
85888,홍두깨 - 호주 | 킬코이(640) - GF,"11,400원"
128974,홍두깨 - 호주 | 스텐브룩(203) - GF,"11,400원"
171183,홍두깨 - 호주 | 킬코이(640) - GF,"11,400원"
183227,알목심 - 미국 | IBP - 프라임,"11,400원"
184134,삼겹양지1.5mm - 호주 | AMG - GF,"11,400원"
185370,[낱개상품]살치살 - 캐나다 | 엑셀 - AAA,"11,400원"
187247,삼겹양지2mm - 미국 | 엑셀(86M) - 언그레이드,"11,400원"
191549,홍두깨 - 호주 | 티스(291) - S,"11,400원"
189843,LA갈비 - 미국 | 엑셀 - 초이스,"11,480원"
5338,곱창 - 호주 | 티스 - GF,"11,500원"
90764,설도 - 호주 | 블랙오닉스(레인저스벨리) - MB3,"11,500원"
84727,갈비살/늑간살 - 미국 | 스위프트(3D) - 언그레이드,"11,500원"
153288,삼겹양지 - 미국 | 엑셀 - 언그레이드,"11,500원"
145182,곱창 - 호주 | 티스(294) - GF,"11,500원"
153815,부채살 - 캐나다 | 엑셀 - AAA,"11,500원"
157587,일반갈비 - 호주 | 카지노(239) - GF,"11,500원"
172354,BBQ등갈비 - 미국 | 해리스랜치(783(해리스랜치)) - 초이스,"11,500원"
172723,LA갈비 - 호주 | 미트컴퍼니(249) - YP,"11,500원"
173318,[소량세절]삼겹양지2mm - 미국 | 엑셀 - 언그레이드,"11,500원"
174990,[소량세절]알전각/볼라전각2mm - 호주 | AMH - S,"11,500원"
176519,[소량세절]삼겹양지2mm - 미국 | IBP - 언그레이드,"11,500원"
175778,살치살 - 미국 | AFG(410) - 셀렉트,"11,500원"
179786,등심 - 호주 | 미드필드(180) - S,"11,500원"
184760,BBQ등갈비 - 캐나다 | 엑셀(93) - A,"11,500원"
185525,LA갈비50mm - 멕시코 | 수까르네 - GF,"11,500원"
187446,곱창 - 호주 | AMH - GF,"11,500원"
190917,앞/척갈비 - 호주 | AMH - GF,"11,500원"
174983,곱창 - 호주 | 콜스 - GF,"11,550원"
143693,살치살 - 미국 | 엑셀 - 초이스,"11,600원"
157083,부채살 - 미국 | 엑셀(RRA/앵거스)(86R) - 초이스(앵거스),"11,600원"
164247,부채살 - 미국 | 엑셀(86R) - 초이스,"11,600원"
172784,알목심 - 미국 | NBP(208A) - 초이스,"11,600원"
175790,부채살 - 미국 | 스위프트(쉐프'S/블랙앵거스) - 초이스,"11,600원"
180948,곱창 - 호주 | 콜스 - GF,"11,600원"
186319,양지 - 미국 | 스위프트(969G) - 초이스,"11,600원"
189093,곱창 - 호주 | 카지노 - GF,"11,600원"
171948,삼겹양지 - 미국 | IBP(245C) - 언그레이드,"11,680원"
85251,차돌양지 - 호주 | AMH(170) - MB2,"11,700원"
142380,일반갈비 - 호주 | 놀란(80) - YG,"11,700원"
143609,부채살 - 미국 | 엑셀(PSA/앵거스) - 초이스,"11,700원"
90871,목심 - 호주 | 블랙오닉스(레인저스벨리) - MB3,"11,700원"
181496,BBQ등갈비 - 미국 | 엑셀(86E) - 언그레이드,"11,700원"
7987,BBQ등갈비 - 미국 | 오로라 앵거스 비프(788) - 초이스,"11,800원"
91085,차돌양지 - 호주 | 블랙오닉스(레인저스벨리) - MB3,"11,800원"
112603,등갈비/백립 - 호주 | AMH(170) - GF,"11,800원"
147088,BBQ등갈비 - 미국 | 크릭스톤(27),"11,800원"
163455,부채살 - 미국 | 1855(블랙앵거스)(969G(SWIFT1855)) - 초이스(앵거스),"11,800원"
172646,사태 - 호주 | 타지마(와규) - MB8UP,"11,800원"
175453,차돌양지 - 호주 | 블랙타이(레인저스벨리) - GF,"11,800원"
178550,양지 - 미국 | 스위프트 - 초이스,"11,800원"
180949,곱창 - 호주 | 로키어벨리 - GF,"11,800원"
185831,앞/척갈비 - 미국 | 스위프트(969G) - 초이스,"11,800원"
187241,우둔 - 호주 | AMH(235) - A,"11,800원"
187526,목심 - 미국 | 크릭스톤(27) - 프라임,"11,850원"
146563,목심 3mm - 호주 | AMH(235) - S,"11,880원"
144454,척리블렛 - 미국 | 스위프트 - 언그레이드,"11,900원"
91016,우둔 - 호주 | 블랙오닉스(레인저스벨리) - MB3,"11,900원"
144681,알목심 - 미국 | IBP - 프라임,"11,900원"
158628,앞/척갈비 - 미국 | 엑셀(RRA/앵거스)(86R) - 초이스(앵거스),"11,900원"
163812,차돌양지 - 호주 | 카라라(와규)(640) - MB6~7,"11,900원"
164369,알목심 - 미국 | NBP - 프라임,"11,900원"
170641,채끝등심 - 미국 | 엑셀 - 언그레이드,"11,900원"
176111,목심 - 미국 | 크릭스톤 - 프라임,"11,900원"
177724,홍두깨 - 호주 | 블랙타이(레인저스벨리) - GF,"11,900원"
180088,목심2mm - 미국 | 엑셀 - 셀렉트,"11,900원"
185366,[낱개상품]부채살 - 캐나다 | 엑셀 - 프라임,"11,900원"
188289,[주문세절]알목심 - 미국 | 쇼케이스 - 초이스,"11,900원"
188386,척리블렛 - 미국 | 스위프트(3D) - 언그레이드,"11,900원"
189653,부채살 - 호주 | 티스(423) - S,"11,900원"
191871,곱창 - 호주 | 존디(243) - GF,"11,900원"
185424,LA갈비 - 캐나다 | 엑셀(93) - A,"11,930원"
185479,LA갈비 - 캐나다 | 엑셀(93) - A,"11,940원"
178080,척리블렛 - 미국 | 스위프트(969) - 언그레이드,"11,980원"
8102,우둔 - 호주 | 놀란(80) - GF,"12,000원"
84736,갈비살/늑간살 - 미국 | SWIFT(969G) - 언그레이드,"12,000원"
90837,꾸리살 - 호주 | 블랙오닉스(레인저스벨리) - MB3,"12,000원"
91012,우둔 - 호주 | 블랙마켓(레인저스벨리) - MB5UP,"12,000원"
153833,채끝등심 - 미국 | 엑셀 - 언그레이드,"12,000원"
143727,일반갈비 - 호주 | AMH - GF,"12,000원"
156684,LA갈비 - 멕시코 | 비바 - GF,"12,000원"
163405,목심 - 호주 | AMG - A,"12,000원"
164644,알전각/볼라전각 - 호주 | 엘그로(와규)(243(L'GROW/와규)) - MB3UP,"12,000원"
167029,뒷사태 - 호주 | 레븐스워쓰(218) - GF,"12,000원"
170146,알목심 3mm - 미국 | EXCELCUT - 초이스,"12,000원"
171592,사태 - 호주 | 마가렛리버(와규) - MB4~5,"12,000원"
172139,LA갈비 - 미국 | AFG(410) - 초이스,"12,000원"
172920,양깃머리 - 호주 | 빈다리(218) - GF,"12,000원"
177529,알목심 1.5mm - 미국 | EXCELCUT - 초이스,"12,000원"
180014,알목심 3mm - 미국 | EXCELCUT - 초이스,"12,000원"
182883,설깃 - 호주 | 카라라(와규)(640) - MB4~5,"12,000원"
184262,LA갈비 - 캐나다 | 엑셀(93) - A,"12,000원"
185857,부채살 - 미국 | 스위프트 - 초이스,"12,000원"
189338,알목심7mm - 미국 | EXCELCUT - 초이스,"12,000원"
191869,사태 - 호주 | 존디(243) - S,"12,000원"
174099,[낱개상품]부채살 - 미국 | 엑셀 - 초이스,"12,100원"
143611,부채살 - 미국 | 엑셀 - 프라임,"12,200원"
189443,우둔 - 호주 | 미트컴퍼니(423) - YP,"12,200원"
185423,토시살 - 미국 | 엑셀(86R) - 프라임,"12,250원"
188578,앞/척갈비 - 호주 | 킬코이(640) - GF,"12,290원"
143621,부채살 - 미국 | IBP - 초이스,"12,300원"
171595,사태 - 호주 | 마가렛리버(와규) - MB6~7,"12,300원"
191466,LA갈비 - 미국 | 스위프트(969) - 언그레이드,"12,300원"
173026,목심1.5mm - 호주 | AMH(235) - S,"12,380원"
7986,BBQ등갈비 - 멕시코 | 비바 - GF,"12,400원"
81338,살치살 - 미국 | 엑셀(스털링실버)(86M) - 초이스,"12,400원"
143614,차돌양지 - 호주 | AMH - GF,"12,400원"
114657,사태 - 호주 | AMH(170) - MB2,"12,400원"
166585,우둔 - 호주 | 티스(399) - S,"12,400원"
176735,[소량세절]알목심2mm - 미국 | 엑셀 - 초이스,"12,400원"
188402,목심2mm - 호주 | AMH - S,"12,400원"
185325,LA갈비 - 캐나다 | 엑셀(93) - AA,"12,430원"
185480,LA갈비 - 캐나다 | 엑셀(93) - AA,"12,440원"
143488,부채살 - 미국 | 엑셀 - 프라임,"12,450원"
143481,부채살 - 미국 | 엑셀 - 프라임,"12,470원"
157315,안창살 - 미국 | 엑셀(354) - 초이스,"12,490원"
116004,대창 - 미국 | 오마하(960A),"12,500원"
143069,센터컷 - 미국 | 오로라 앵거스 비프(788) - 초이스,"12,500원"
81317,부채살 - 미국 | 엑셀(86M) - 프라임,"12,500원"
143638,토시살 - 미국 | 스위프트 - 프라임,"12,500원"
90903,사태 - 호주 | 타지마(와규)(517) - MB5UP,"12,500원"
145366,부채살 - 미국 | 엑셀 - 프라임,"12,500원"
158572,홍두깨 - 호주 | 카라라(와규)(640) - MB4~5,"12,500원"
161899,알목심 - 미국 | 쇼케이스 - 초이스,"12,500원"
163556,차돌박이 - 미국 | 샘케인(337) - 언그레이드,"12,500원"
169375,[낱개상품]부채살 - 미국 | 엑셀 - 프라임,"12,500원"
175600,차돌양지 - 미국 | 써던리버(332) - 초이스,"12,500원"
184267,LA갈비 - 캐나다 | 엑셀(93) - AA,"12,500원"
185309,목심 2mm - 호주 | AMH - S,"12,500원"
185422,차돌박이 - 미국 | 엑셀(86M) - 셀렉트,"12,500원"
186031,안창살 - 미국 | 스위프트(969) - 언그레이드,"12,500원"
189935,알목심 - 미국 | 쇼케이스(562M) - 초이스,"12,500원"
191254,양깃머리 - 뉴질랜드 | 아프코(ME32),"12,500원"
191451,설깃 - 호주 | 카라라(와규)(640) - MB6~7,"12,500원"
6552,알목심 - 미국 | 쇼케이스(562M) - 초이스,"12,590원"
123857,차돌박이 - 미국 | 엑셀(86K) - 초이스,"12,660원"
165437,차돌박이 - 미국 | 엑셀(RRA/앵거스)(86R) - 초이스(앵거스),"12,680원"
186291,차돌박이 - 미국 | 엑셀(86M) - 초이스,"12,690원"
189884,차돌박이 - 미국 | 엑셀(86M) - 초이스,"12,690원"
7434,스지 - 미국 | 크릭스톤,"12,700원"
144344,살치살 - 미국 | 엑셀 - 초이스,"12,700원"
153889,스지 - 미국 | 크릭스톤(27),"12,700원"
188834,[대량상품] LA갈비 - 미국 | 스위프트(969) - 언그레이드,"12,760원"
125320,꾸리살 - 호주 | 블랙마켓(레인저스벨리) - MB5UP,"12,800원"
143619,부채살 - 미국 | IBP - CAB,"12,800원"
147858,설깃 - 호주 | 블랙마켓(레인저스벨리) - MB5UP,"12,800원"
156657,[소량세절]목심2mm - 호주 | AMH - S,"12,800원"
176662,알목심 - 호주 | AMH - MB2,"12,800원"
180243,[소량세절]목심2mm - 호주 | 티스 - S,"12,800원"
180246,[소량세절]목심 - 호주 | 티스 - S,"12,800원"
187012,사태 - 호주 | 마가렛리버(와규) - MB8UP,"12,800원"
187985,작업차돌양지(차돌박이)1.5mm - 미국 | IBP - 초이스,"12,800원"
91113,토시살 - 호주 | AMH - GF,"12,900원"
123811,LA갈비 - 미국 | NBP(208A) - 셀렉트,"12,900원"
144376,홍두깨 - 호주 | AMH - GF,"12,900원"
161400,LA갈비 - 미국 | 엑셀(354) - 초이스,"12,900원"
169412,[낱개상품]살치살 - 미국 | 엑셀 - 초이스,"12,900원"
174095,[낱개상품]LA갈비 - 미국 | 엑셀(86E) - 셀렉트,"12,900원"
190356,앞/척갈비 - 호주 | 티스(7) - S,"12,900원"
185804,LA갈비 - 미국 | 엑셀(86E) - 언그레이드,"12,990원"
113756,홍두깨 - 호주 | AMH(170) - MB2,"13,000원"
127785,알목심 - 미국 | AFG(410) - 초이스,"13,000원"
81601,LA갈비 - 미국 | 엑셀(86E) - 셀렉트,"13,000원"
144504,부채살 - 미국 | 스위프트 - 프라임,"13,000원"
116181,알목심 - 미국 | AFG(410) - 초이스,"13,000원"
158486,스지 - 미국 | 엑셀 - 언그레이드,"13,000원"
159265,대창 - 호주 | 오키 - GF,"13,000원"
156310,앞다리/전각 - 호주 | 블랙마켓(레인저스벨리) - MB5UP,"13,000원"
163554,알목심 - 미국 | 샘케인(337) - 프라임,"13,000원"
163557,안창살 - 미국 | 샘케인(337) - 셀렉트,"13,000원"
160085,스지 - 미국 | NB,"13,000원"
163577,LA갈비 - 미국 | 샘케인(337) - 초이스,"13,000원"
163450,알목심 - 미국 | AFG(410) - 초이스,"13,000원"
177307,LA갈비 - 미국 | 엑셀(86K) - 셀렉트,"13,000원"
190964,앞/척갈비 - 미국 | IBP(245J) - CAB,"13,000원"
165507,LA갈비 - 미국 | 쇼케이스(562) - 셀렉트,"13,100원"
165714,부채살10mm - 미국 | 엑셀(86K) - 초이스,"13,100원"
189934,부채살15mm - 미국 | 엑셀(86K) - 초이스,"13,100원"
129159,부채살 15mm - 미국 | 엑셀(86R) - 초이스,"13,130원"
169186,부채살 - 미국 | 엑셀(86R) - 초이스,"13,130원"
153053,스지 - 미국 | 스위프트(969) - 언그레이드,"13,160원"
159268,스지 - 미국 | 스위프트(969G) - 언그레이드,"13,160원"
189212,스지 - 미국 | 스위프트 - 언그레이드,"13,160원"
142794,꼬리 - 호주 | 하비(648) - BEEF,"13,200원"
161065,스지 - 미국 | 스위프트(969G),"13,200원"
169359,[낱개상품]갈비본살 - 미국 | IBP - 초이스,"13,200원"
186525,알목심 - 미국 | IBP(245L) - 프라임,"13,200원"
191863,대창 - 호주 | 콜스(1620 (COLES)),"13,200원"
188995,스지 - 미국 | 스위프트,"13,230원"
173021,LA갈비 - 미국 | IBP(245E) - 언그레이드,"13,250원"
167680,알목심2mm - 미국 | EXCELCUT - 초이스,"13,290원"
143779,알목심 - 미국 | 엑셀 - 초이스,"13,300원"
169316,[낱개상품]부채살 - 미국 | IBP - 프라임,"13,300원"
171796,목심 - 호주 | AMH,"13,330원"
144370,갈비본살 - 미국 | IBP - 초이스,"13,390원"
143616,갈비본살 - 미국 | IBP - 초이스,"13,400원"
173243,부채살 - 호주 | 블랙타이(레인저스벨리) - GF,"13,400원"
188986,설깃 - 호주 | 마가렛리버(와규) - MB4~5,"13,400원"
191149,LA갈비 - 미국 | 엑셀(86R) - 언그레이드,"13,400원"
189507,갈비살/늑간살 - 캐나다 | 엑셀(51) - A,"13,440원"
185903,LA갈비 - 미국 | 스위프트 - 언그레이드,"13,450원"
85023,스지 - 호주 | AMH(170) - GF,"13,480원"
150026,스지 - 호주 | AMH(170) - GF,"13,480원"
177718,스지 - 호주 | AMH(170) - GF,"13,480원"
188909,스지 - 호주 | AMH(170) - GF,"13,480원"
162420,홍두깨 - 호주 | 카라라(와규)(640) - MB6~7,"13,500원"
167069,[다이스]부채살 - 미국 | EXCELCUT - 초이스,"13,500원"
172916,[20mm 다이스]부채살 - 미국 | EXCELCUT - 초이스,"13,500원"
185013,LA갈비 - 캐나다 | 엑셀(51) - AA,"13,500원"
184407,스지 - 미국 | 엑셀(86E) - 언그레이드,"13,500원"
186306,갈비살/늑간살 - 미국 | 오마하(960A) - 언그레이드,"13,500원"
191158,꼬리 - 칠레 | 프리고오소노,"13,500원"
189791,홍두깨 - 호주 | 마가렛리버(와규) - MB6~7,"13,500원"
164152,LA갈비 - 미국 | 엑셀(86M) - 셀렉트,"13,520원"
165597,앞다리/전각 - 미국 | 엑셀(86K) - 초이스,"13,600원"
187693,부채살2mm - 미국 | EXCELCUT - 초이스,"13,600원"
90966,알목심 - 호주 | AMH - GF,"13,700원"
117204,설깃 - 호주 | 타지마(와규) - MB5UP,"13,700원"
151050,부채살 - 미국 | IBP - CAB,"13,700원"
165474,LA갈비 - 미국 | 해리스랜치 - 초이스,"13,700원"
175595,목심 - 미국 | 써던리버(332) - 초이스,"13,700원"
188263,알목심 - 미국 | 오마하(960A) - 프라임,"13,700원"
142661,로스트비프 - 호주 | 블랙오닉스(레인저스벨리) - MB3,"13,800원"
144780,홍창 - 뉴질랜드 | 캔터베리(ME 78),"13,800원"
123567,앞다리/전각 - 미국 | 엑셀,"13,800원"
157636,윗등심/척로스트 - 호주 | 블랙오닉스(레인저스벨리) - MB3,"13,800원"
172243,[소량세절]부채살2mm - 미국 | 엑셀 - 초이스,"13,800원"
131167,LA갈비 - 미국 | 엑셀(86M) - 셀렉트,"13,840원"
155066,양깃머리 - 뉴질랜드 | 실버펀팜(ME 26),"13,900원"
163558,안창살 - 미국 | 샘케인(337) - 초이스,"13,900원"
185523,LA갈비10mm - 멕시코 | 수까르네 - GF,"13,900원"
187341,[낱개상품]토시살 - 미국 | IBP - 프라임,"13,900원"
190974,앞/척갈비 - 호주 | 티스(423) - YP,"13,900원"
166007,LA갈비 - 미국 | 스위프트(969) - 초이스,"13,970원"
185618,LA갈비 - 미국 | 스위프트(3D) - 초이스,"13,970원"
143616,갈비본살 - 미국 | IBP - 초이스,"13,400원"
173243,부채살 - 호주 | 블랙타이(레인저스벨리) - GF,"13,400원"
188986,설깃 - 호주 | 마가렛리버(와규) - MB4~5,"13,400원"
191149,LA갈비 - 미국 | 엑셀(86R) - 언그레이드,"13,400원"
189507,갈비살/늑간살 - 캐나다 | 엑셀(51) - A,"13,440원"
185903,LA갈비 - 미국 | 스위프트 - 언그레이드,"13,450원"
85023,스지 - 호주 | AMH(170) - GF,"13,480원"
150026,스지 - 호주 | AMH(170) - GF,"13,480원"
177718,스지 - 호주 | AMH(170) - GF,"13,480원"
188909,스지 - 호주 | AMH(170) - GF,"13,480원"
162420,홍두깨 - 호주 | 카라라(와규)(640) - MB6~7,"13,500원"
167069,[다이스]부채살 - 미국 | EXCELCUT - 초이스,"13,500원"
172916,[20mm 다이스]부채살 - 미국 | EXCELCUT - 초이스,"13,500원"
185013,LA갈비 - 캐나다 | 엑셀(51) - AA,"13,500원"
184407,스지 - 미국 | 엑셀(86E) - 언그레이드,"13,500원"
186306,갈비살/늑간살 - 미국 | 오마하(960A) - 언그레이드,"13,500원"
191158,꼬리 - 칠레 | 프리고오소노,"13,500원"
189791,홍두깨 - 호주 | 마가렛리버(와규) - MB6~7,"13,500원"
164152,LA갈비 - 미국 | 엑셀(86M) - 셀렉트,"13,520원"
165597,앞다리/전각 - 미국 | 엑셀(86K) - 초이스,"13,600원"
187693,부채살2mm - 미국 | EXCELCUT - 초이스,"13,600원"
90966,알목심 - 호주 | AMH - GF,"13,700원"
117204,설깃 - 호주 | 타지마(와규) - MB5UP,"13,700원"
151050,부채살 - 미국 | IBP - CAB,"13,700원"
165474,LA갈비 - 미국 | 해리스랜치 - 초이스,"13,700원"
175595,목심 - 미국 | 써던리버(332) - 초이스,"13,700원"
188263,알목심 - 미국 | 오마하(960A) - 프라임,"13,700원"
142661,로스트비프 - 호주 | 블랙오닉스(레인저스벨리) - MB3,"13,800원"
144780,홍창 - 뉴질랜드 | 캔터베리(ME 78),"13,800원"
123567,앞다리/전각 - 미국 | 엑셀,"13,800원"
157636,윗등심/척로스트 - 호주 | 블랙오닉스(레인저스벨리) - MB3,"13,800원"
172243,[소량세절]부채살2mm - 미국 | 엑셀 - 초이스,"13,800원"
131167,LA갈비 - 미국 | 엑셀(86M) - 셀렉트,"13,840원"
155066,양깃머리 - 뉴질랜드 | 실버펀팜(ME 26),"13,900원"
163558,안창살 - 미국 | 샘케인(337) - 초이스,"13,900원"
185523,LA갈비10mm - 멕시코 | 수까르네 - GF,"13,900원"
187341,[낱개상품]토시살 - 미국 | IBP - 프라임,"13,900원"
190974,앞/척갈비 - 호주 | 티스(423) - YP,"13,900원"
166007,LA갈비 - 미국 | 스위프트(969) - 초이스,"13,970원"
185618,LA갈비 - 미국 | 스위프트(3D) - 초이스,"13,970원"
162899,앞/척갈비 - 미국 | 엑셀(86R) - 초이스,"13,980원"
143819,토시살 - 미국 | IBP - 프라임,"14,000원"
122196,황제늑간 - 미국 | 엑셀(86K) - 언그레이드,"14,000원"
144979,부채살 - 미국 | IBP - 프라임,"14,000원"
157327,황제늑간 - 미국 | 엑셀(86M) - 언그레이드,"14,000원"
153737,갈비살/늑간살 - 캐나다 | 엑셀 - A,"14,000원"
163754,차돌양지 - 미국 | 스위프트(969G) - 초이스,"14,000원"
172919,양깃머리 - 호주 | 빈다리(218) - GF,"14,000원"
174125,[낱개상품]차돌박이 - 미국 | 엑셀 - 초이스,"14,000원"
175809,살치살 - 미국 | 샘케인(337) - 초이스,"14,000원"
177849,살치살 - 미국 | 엑셀(RRA/앵거스)(86R) - 초이스,"14,000원"
182107,차돌박이 - 미국 | 스위프트 - 초이스,"14,000원"
186580,[낱개상품]LA갈비 - 미국 | 스위프트(3D) - 초이스,"14,000원"
188439,LA갈비 - 미국 | 엑셀(86M) - 언그레이드,"14,000원"
188535,설도 - 호주 | 마가렛리버(와규) - MB4~5,"14,000원"
189504,갈비살/늑간살(조각) - 미국 | 엑셀(86M) - 언그레이드,"14,000원"
189998,꼬리 - 호주 | AMH(688) - S,"14,000원"
190725,갈비박근(립캡) - 호주 | 블랙타이(레인저스벨리) - GF,"14,000원"
137390,LA갈비 - 미국 | 엑셀(86R) - 셀렉트,"14,100원"
167366,부채살 15mm - 미국 | EXCELCUT - 초이스,"14,100원"
117913,갈비살/늑간살 - 미국 | 엑셀(86R) - 언그레이드,"14,180원"
7162,갈비살/늑간살 - 미국 | EXCEL(86M) - 언그레이드,"14,190원"
84696,갈비살/늑간살 - 미국 | 엑셀(86E) - 언그레이드,"14,200원"
90849,립블레이드미트 - 호주 | 블랙오닉스(레인저스벨리) - MB3,"14,200원"
139167,홍두깨 - 호주 | 블랙오닉스(레인저스벨리) - MB3,"14,200원"
159531,차돌양지 - 미국 | 스위프트,"14,200원"
165723,부채살 - 미국 | 엑셀(86K) - 초이스,"14,200원"
174959,갈비본살 - 미국 | IBP - 언그레이드,"14,200원"
90863,목심 - 호주 | 블랙마켓(레인저스벨리) - MB5UP,"14,400원"
7647,홍창 - 미국 | 크릭스톤,"14,400원"
179670,목심 - 호주 | 미드필드,"14,400원"
180454,안창살 - 미국 | 엑셀(RRA/앵거스)(86R) - 초이스(앵거스),"14,400원"
189598,홍창 - 미국 | 엑셀(86R) - 초이스,"14,400원"
190960,우둔 - 호주 | 마가렛리버(와규) - MB6~7,"14,400원"
140008,갈비살/늑간살 - 미국 | 엑셀(86R) - 초이스,"14,430원"
169602,갈비살/늑간살 - 미국 | 엑셀(86M) - 초이스,"14,440원"
7657,LA갈비 - 미국 | 위리저브 - 초이스,"14,500원"
8128,홍창 - 멕시코 | 비바 - GF,"14,500원"
84685,갈비살/늑간살 - 미국 | 엑셀(86E) - 초이스,"14,500원"
91091,차돌양지 - 호주 | 타지마(와규)(517) - MB5UP,"14,500원"
126193,갈비살/늑간살 - 미국 | 엑셀(86M) - 언그레이드,"14,500원"
142663,로스트비프 - 호주 | 블랙마켓(레인저스벨리) - MB5UP,"14,500원"
143472,부채살 - 미국 | IBP - 프라임,"14,500원"
143692,살치살 - 미국 | 엑셀(PSA/앵거스) - 초이스,"14,500원"
144369,갈비본살 - 미국 | IBP - CAB,"14,500원"
145958,알목심 - 미국 | 엑셀 - 초이스,"14,500원"
153734,갈비살/늑간살 - 미국 | 엑셀(86M) - 초이스,"14,500원"
158215,차돌박이 - 미국 | AFG(410) - 초이스,"14,500원"
164128,안심 - 호주 | ECT(486) - BEEF,"14,500원"
164201,살치살 - 미국 | 엑셀 - CAB,"14,500원"
169358,[낱개상품]갈비본살 - 미국 | IBP - CAB,"14,500원"
166936,LA갈비 - 미국 | 위리저브 - 초이스,"14,500원"
172745,[소량세절]부채살15mm - 미국 | 엑셀,"14,500원"
176818,꼬리 - 호주 | AMG - YP,"14,500원"
176870,LA갈비 - 미국 | 위리저브 - 초이스,"14,500원"
181678,갈비박근(립캡) - 호주 | 블랙타이(레인저스벨리) - GF,"14,500원"
184359,LA갈비 - 미국 | 아이오와 프리미엄비프(8) - 초이스,"14,500원"
185691,앞/척갈비10mm - 미국 | EXCELCUT - 초이스,"14,500원"
188999,안창살 - 미국 | 스위프트(3D) - 초이스,"14,500원"
171797,부채살 - 미국 | 엑셀 - 초이스,"14,580원"
172683,부채살 - 미국 | NBP - 프라임,"14,600원"
189103,앞/척갈비45mm - 미국 | 스위프트(969G) - 초이스,"14,600원"
113662,LA갈비 - 미국 | 아이오와 프리미엄비프(8) - 초이스,"14,650원"
114539,LA갈비 - 미국 | 아이오와 프리미엄비프(8) - 초이스,"14,650원"
167357,[찜용]앞/척갈비 - 미국 | EXCELCUT - 초이스,"14,800원"
164851,앞다리/전각 - 미국 | 엑셀(86E) - 초이스,"14,800원"
169428,[낱개상품]황제늑간 - 미국 | 엑셀 - 언그레이드,"14,800원"
189789,삼겹양지 - 호주 | 마가렛리버(와규) - MB4~5,"14,800원"
125322,업진안살 - 호주 | 블랙마켓(레인저스벨리) - MB5UP,"14,900원"
163728,목심 - 미국 | 엑셀(86K) - 셀렉트,"14,900원"
179667,안창살 - 미국 | 엑셀(86K) - 초이스,"14,900원"
183325,양깃머리 - 뉴질랜드 | 캔터베리,"14,900원"
175252,안심 - 호주 | 그린햄 - BULL,"14,950원"
154344,살치살 - 미국 | 엑셀(86M) - 초이스,"14,990원"
90946,안창살 - 호주 | AMH - GF,"15,000원"
124681,양깃머리 - 뉴질랜드 | 아프코,"15,000원"
155630,살치살 - 미국 | 엑셀(86K) - 초이스,"15,000원"
171513,살치살 - 미국 | 엑셀(86R) - 초이스,"15,000원"
172140,LA갈비 - 미국 | AFG(410) - 프라임,"15,000원"
172720,갈비살/늑간살 - 호주 | 미트컴퍼니(423) - YP,"15,000원"
174291,부채살 - 미국 | 하트브랜드(와규) - 와규,"15,000원"
176488,갈비살/늑간살 - 호주 | 미트컴퍼니(249) - YP,"15,000원"
177525,안심 - 호주 | 그린햄(234) - BULL,"15,000원"
181508,안창살 - 미국 | 쇼케이스(562) - 초이스,"15,000원"
149171,갈비살/늑간살 - 멕시코 | 수까르네 - GF,"15,100원"
178088,LA갈비 - 미국 | IBP(245E) - 초이스,"15,100원"
189118,홍창 - 미국 | 엑셀(86M) - 초이스,"15,100원"
90835,꼬리 - 호주 | 블랙오닉스(레인저스벨리) - MB3,"15,200원"
167518,갈비살/늑간살 - 멕시코 | 수까르네 - GF,"15,200원"
143618,갈비살/늑간살 - 미국 | IBP - 언그레이드,"15,300원"
140781,홍두깨 - 호주 | 블랙마켓(레인저스벨리) - MB5UP,"15,300원"
144396,갈비살/늑간살 - 미국 | IBP - 언그레이드,"15,300원"
161826,LA갈비 - 미국 | 엑셀(86R) - 초이스,"15,300원"
172131,LA갈비 - 미국 | NBP(208A) - CAB,"15,300원"
180002,LA갈비 - 미국 | IBP(278) - 초이스,"15,300원"
190008,[대량상품] 치마살 - 미국 | NBP(262) - 초이스,"15,320원"
81665,살치살 - 미국 | 엑셀(86E) - 초이스,"15,350원"
90994,앞다리/전각 - 호주 | 타지마(와규)(517) - MB5UP,"15,400원"
7593,치마살 - 호주 | 카지노(239) - VEAL,"15,500원"
84762,황제늑간 - 미국 | 스위프트 - 초이스,"15,500원"
122248,황제늑간 - 미국 | 스위프트(3D) - 언그레이드,"15,500원"
167015,앞/척갈비 - 호주 | 레븐스워쓰(218) - GF,"15,500원"
169410,[낱개상품]살치살 - 미국 | 엑셀(PSA/앵거스) - 초이스(앵거스),"15,500원"
172292,LA갈비 - 미국 | NBP - CAB,"15,500원"
174100,[낱개상품]살치살 - 미국 | 엑셀 - 초이스,"15,500원"
181242,살치살 - 미국 | NB(19336) - 초이스,"15,500원"
185655,목심 - 호주 | 마가렛리버(와규) - MB4~5,"15,500원"
187528,살치살 - 미국 | 크릭스톤 - 초이스,"15,500원"
188990,차돌양지 - 호주 | 마가렛리버(와규) - MB4~5,"15,500원"
164406,LA갈비 - 미국 | 위리저브 - CAB,"15,600원"
173139,LA갈비 - 미국 | 위리저브 - CAB,"15,600원"
186393,알목심 2mm - 미국 | 엑셀(86M) - 셀렉트,"15,600원"
157874,살치살 - 미국 | NB(19336) - 초이스,"15,700원"
90875,목심 - 호주 | 타지마(와규)(517) - MB5UP,"15,800원"
156060,꼬리 - 호주 | 카라라(와규)(640),"15,800원"
162970,작업차돌박이(차돌박이) - 미국 | 스위프트(969G) - 초이스,"15,800원"
176115,LA갈비 - 미국 | 크릭스톤 - 초이스(앵거스),"15,800원"
179991,LA갈비 - 미국 | IBP(245E) - 초이스,"15,800원"
188192,작업차돌양지(차돌박이) - 미국 | 스위프트- 초이스,"15,800원"
165644,안창살 - 미국 | 엑셀(86E) - 초이스,"15,900원"
169427,[낱개상품]갈비살/늑간살 - 미국 | 엑셀 - 언그레이드,"15,900원"
181497,안창살 - 미국 | 엑셀(86E) - 초이스,"15,900원"
187007,삼겹양지 - 호주 | 마가렛리버(와규) - MB6~7,"15,900원"
188686,설깃 - 호주 | 마가렛리버(와규) - MB6~7,"15,900원"
7997,갈비살/늑간살 - 멕시코 | 비바 - GF,"16,000원"
143490,황제늑간 - 미국 | 스위프트 - 언그레이드,"16,000원"
167417,살치살 - 미국 | NB(19336) - CAB,"16,000원"
188533,꾸리살 - 호주 | 마가렛리버(와규) - MB4~5,"16,000원"
188301,안창살 - 미국 | NB(19336) - CAB,"16,000원"
10525,LA갈비 - 미국 | 아이오와 프리미엄비프(8) - CAB,"16,080원"
176969,LA갈비 - 미국 | 아이오와 프리미엄비프(8) - CAB,"16,090원"
186872,LA갈비 - 미국 | 아이오와 프리미엄비프(8) - CAB,"16,090원"
144318,갈비본살 - 미국 | IBP - CAB,"16,100원"
185657,목심 - 호주 | 마가렛리버(와규) - MB6~7,"16,100원"
156877,LA갈비 - 미국 | 엑셀(RRA/앵거스)(86R) - 초이스(앵거스),"16,200원"
164368,갈비살/늑간살 - 미국 | NBP - 셀렉트,"16,200원"
155056,갈비살/늑간살 - 호주 | AMH(170) - GF,"16,300원"
145179,황제늑간 - 미국 | 스위프트 - 언그레이드,"16,400원"
161839,LA갈비 - 미국 | NBP(262) - 초이스,"16,400원"
173978,윗등심/척로스트 - 호주 | 블랙타이(레인저스벨리) - GF,"16,400원"
188540,앞다리/전각 - 호주 | 마가렛리버(와규) - MB4~5,"16,400원"
187730,갈비본살 - 미국 | IBP(278) - 초이스,"16,430원"
84776,황제늑간 - 미국 | 스위프트 - 언그레이드,"16,500원"
127254,차돌박이 - 미국 | 쇼케이스(562M) - 셀렉트,"16,500원"
163641,앞/척갈비45mm - 미국 | 스위프트(969G) - 초이스,"16,500원"
164374,황제늑간 - 미국 | NBP - 초이스,"16,500원"
178212,일반갈비 - 호주 | 빈다리(218) - GF,"16,500원"
186579,[낱개상품]LA갈비 - 미국 | 엑셀(86R) - 초이스,"16,500원"
189051,채끝등심 - 미국 | 엑셀(86E) - 언그레이드,"16,500원"
124451,홍두깨 - 호주 | 타지마(와규)(517) - MB5UP,"16,600원"
151085,차돌박이 - 미국 | 스위프트(3D) - 초이스,"16,600원"
130635,꾸리살 - 호주 | 타지마(와규)(517) - MB5UP,"16,600원"
156010,LA갈비 - 미국 | 엑셀(86R) - 초이스,"16,600원"
183149,LA갈비 - 미국 | 오마하(960A) - CAB,"16,600원"
191486,[주무세절]우대갈비 - 미국 | NBP - 초이스,"16,600원"
161992,갈비살/늑간살 - 미국 | 엑셀(354) - 셀렉트,"16,700원"
189447,차돌박이 - 미국 | 쇼케이스 - 언그레이드,"16,700원"
136698,LA갈비 - 미국 | NBP(208A) - CAB,"16,800원"
90973,앞/척갈비 - 호주 | AMH - GF,"16,800원"
91050,일반갈비 - 호주 | AMH(170) - GF,"16,800원"
163454,홍창 - 미국 | 스위프트(969G) - 언그레이드,"16,800원"
172759,앞/척갈비 - 미국 | 엑셀(86M) - 초이스,"16,800원"
184376,[벌크]LA갈비 - 미국 | 엑셀(86K) - 셀렉트,"16,800원"
184355,LA갈비 - 미국 | IBP - 언그레이드,"16,850원"
144819,황제늑간 - 미국 | IBP - 언그레이드,"16,900원"
189867,[벌크]LA갈비10mm - 미국 | IBP(245E) - 언그레이드,"16,900원"
164367,갈비살/늑간살 - 미국 | NBP(208A) - 초이스,"17,000원"
169367,[낱개상품]갈비살/늑간살 - 미국 | IBP - 언그레이드,"17,000원"
168737,LA갈비 - 미국 | 뎀코타(45471) - 초이스,"17,000원"
179968,갈비살/늑간살 - 미국 | AFG(410) - 초이스,"17,000원"
184227,앞/척갈비50mm - 미국 | IBP(278) - 초이스,"17,000원"
189069,안창살 - 미국 | 엑셀(86M) - CAB,"17,000원"
169426,[낱개상품]갈비살/늑간살 - 미국 | 엑셀 - 초이스,"17,100원"
186990,안창살 - 미국 | IBP(245E) - CAB,"17,100원"
144548,[낱개상품]살치살 - 미국 | 엑셀(86E) - 초이스,"17,300원"
147846,LA갈비 - 미국 | 엑셀(PSA/앵거스)(86M(EXCEL/PSA)) - 초이스,"17,300원"
116189,알목심 - 미국 | AFG(410) - 프라임,"17,500원"
144886,갈비살/늑간살 - 미국 | IBP - 초이스,"17,500원"
161121,LA갈비 - 미국 | 오로라 앵거스 비프 - 초이스,"17,500원"
181107,갈비박근(립캡) - 호주 | 블랙오닉스(레인저스벨리) - MB3,"17,500원"
184019,LA갈비 - 미국 | 아이오와 프리미엄비프(8) - 프라임,"17,500원"
187451,갈비살/늑간살 - 미국 | 엑셀(86E) - 초이스,"17,500원"
191875,앞양지/데클 - 호주 | 존디(243) - GF,"17,500원"
190914,LA갈비 - 미국 | 위리저브 - 프라임,"17,500원"
190963,안창살 - 미국 | IBP - 프라임,"17,500원"
164898,LA갈비 - 미국 | 엑셀(86K) - 셀렉트,"17,600원"
160512,갈비살/늑간살 - 캐나다 | 엑셀(93) - A,"17,650원"
149191,갈비살/늑간살 - 미국 | IBP - 초이스,"17,700원"
191873,살치살 - 호주 | 존디(243) - GF,"17,700원"
169357,[낱개상품]갈비본살 - 미국 | IBP - 프라임,"17,800원"
171012,차돌박이 - 미국 | 엑셀(86E) - 초이스,"17,800원"
191569,LA갈비 - 미국 | 메이어(86R) - 초이스,"17,800원"
143874,갈비살/늑간살 - 미국 | IBP - CAB,"17,890원"
143697,갈비본살 - 미국 | IBP - 프라임,"17,900원"
149192,갈비살/늑간살 - 미국 | IBP - CAB,"17,900원"
178215,갈비살/늑간살 - 호주 | 빈다리(218) - GF,"17,900원"
184027,[벌크]찜갈비 - 미국 | IBP(278) - 초이스,"17,900원"
169014,LA갈비 - 미국 | 엑셀(86M) - 초이스,"17,950원"
131561,윗등심/척로스트 - 호주 | 엘그로(와규)(243(L'GROW/와규)) - MB3,"18,000원"
155068,양깃머리 - 뉴질랜드 | 실버펀팜(ME 26),"18,000원"
145614,갈비살/늑간살 - 미국 | IBP - 초이스,"18,000원"
150905,갈비살/늑간살 - 호주 | 카라라(와규)(640) - MB4~5,"18,000원"
169364,[낱개상품]갈비살/늑간살 - 미국 | IBP - 초이스,"18,000원"
182019,LA갈비 - 미국 | 위리저브 - 초이스,"18,000원"
187094,앞/척갈비10mm - 미국 | IBP(278) - 초이스,"18,000원"
173238,업진안살 - 호주 | 타지마(와규) - MB4~5,"18,200원"
173244,살치살 - 호주 | 블랙타이(레인저스벨리) - GF,"18,200원"
90890,부채살 - 호주 | AMH - GF,"18,300원"
122550,제비추리 - 호주 | 블랙오닉스(레인저스벨리) - MB3,"18,300원"
170389,갈비본살 - 미국 | 엑셀(86M) - 프라임,"18,300원"
91001,업진안살 - 호주 | 블랙오닉스(레인저스벨리) - MB3,"18,400원"
188577,일반갈비 - 호주 | 킬코이(640) - GF,"18,440원"
134152,LA갈비 - 미국 | 엑셀(ESA/앵거스)(86M(EXCEL/ESA)) - 초이스,"18,500원"
143473,갈비본살 - 미국 | IBP - 프라임,"18,500원"
143617,갈비본살 - 미국 | IBP - 프라임,"18,500원"
149828,채끝등심 - 미국 | 쇼케이스 - 초이스,"18,500원"
144985,갈비살/늑간살 - 미국 | IBP - CAB,"18,500원"
169362,[낱개상품]갈비살/늑간살 - 미국 | IBP - CAB,"18,700원"
163462,황제늑간 - 미국 | 케인,"18,800원"
177503,등심 - 호주 | AMH(688) - S,"18,800원"
143471,아롱사태 - 미국 | IBP - 언그레이드,"18,900원"
157082,갈비살/늑간살 - 미국 | 엑셀(RRA/앵거스)(86R) - 초이스(앵거스),"18,900원"
182906,삼각살 - 호주 | 블랙타이(레인저스벨리) - GF,"18,900원"
8001,갈비살/늑간살 - 미국 | 오로라 앵거스 비프(788) - 초이스,"19,000원"
1075,갈비살/늑간살 - 미국 | 오로라 앵거스 비프(788) - 초이스,"19,000원"
146071,채끝등심 - 미국 | 엑셀 - 초이스,"19,000원"
167016,일반갈비 - 호주 | 레븐스워쓰(218) - GF,"19,000원"
167656,갈비살/늑간살 - 미국 | 케인 - 언그레이드,"19,000원"
173914,티본 - 호주 | 놀란(80) - YG,"19,000원"
161527,살치살 - 미국 | IBP - 초이스,"19,300원"
172358,LA갈비 - 미국 | 해리스랜치(783(해리스랜치)) - 초이스,"19,300원"
164360,[벌크]LA갈비 - 미국 | 스위프트(969G) - 초이스,"19,450원"
84745,갈비살/늑간살 - 호주 | AMH(170) - MB2,"19,500원"
144792,안창살 - 미국 | 엑셀(PSA/앵거스) - 초이스,"19,500원"
163223,갈비살/늑간살 - 미국 | IBP(245J) - 프라임,"19,500원"
181436,앞/척갈비 - 미국 | 엑셀(86M) - 초이스,"19,500원"
184017,[벌크]LA갈비 - 미국 | IBP(278) - 초이스,"19,500원"
187511,[벌크]LA갈비10mm - 미국 | 스위프트(969) - 초이스,"19,500원"
7185,갈비살/늑간살 - 미국 | 오마하(960A),"19,700원"
125341,갈비살/늑간살 - 미국 | 오마하(960A),"19,700원"
142230,갈비살/늑간살 - 미국 | 오마하(960A),"19,700원"
183696,갈비살/늑간살 - 호주 | AMH(170) - GF,"19,700원"
188262,갈비살/늑간살 - 미국 | 오마하(960A) - 언그레이드,"19,700원"
168738,갈비살/늑간살 - 미국 | 뎀코타(45471) - 초이스,"19,800원"
175602,LA갈비 - 미국 | 써던리버(332) - 초이스,"19,800원"
185780,갈비살/늑간살 - 미국 | 뎀코타 - 초이스,"19,800원"
156381,토시살 - 호주 | 카지노(와규) - MB3,"19,900원"
176750,갈비살/늑간살 - 미국 | NBP(208A) - 초이스,"19,900원"
184050,진갈비살 - 호주 | 킬코이(640) - GF,"19,900원"
7668,갈비살/늑간살 - 미국 | 아이오와 프리미엄비프(8),"20,000원"
126569,갈비살/늑간살 - 미국 | 아이오와 프리미엄비프(8),"20,000원"
157087,차돌박이 - 미국 | 브롤리비프(21488) - 초이스,"20,000원"
161174,갈비살/늑간살 - 미국 | 씨티푸즈,"20,000원"
162352,갈비살/늑간살 - 미국 | 44팜스(675(44팜스)) - 초이스,"20,000원"
168704,황제늑간 - 미국 | 위리저브,"20,000원"
175578,갈비살/늑간살 - 미국 | 44팜스(675(44팜스)) - 초이스,"20,000원"
182743,갈비살/늑간살 - 미국 | 샘케인(337) - 초이스,"20,000원"
182020,LA갈비 - 미국 | 위리저브 - CAB,"20,000원"
163282,갈비살/늑간살 - 미국 | 위리저브 - 초이스,"20,100원"
163732,갈비살/늑간살 - 미국 | 위리저브 - 초이스,"20,100원"
190037,갈비살/늑간살 - 미국 | 엑셀(86R) - 초이스,"20,140원"
153453,갈비살/늑간살 - 미국 | 엑셀(86M) - 초이스,"20,150원"
7180,갈비살/늑간살 - 미국 | 크릭스톤 - 언그레이드,"20,200원"
7662,갈비살/늑간살 - 미국 | 크릭스톤 - 언그레이드,"20,200원"
189794,업진안살 - 호주 | 마가렛리버(와규) - MB4~5,"20,200원"
164692,앞/척갈비45mm - 미국 | 스위프트(969G) - 초이스,"20,400원"
161524,살치살 - 미국 | IBP - CAB,"20,500원"
187227,갈비살/늑간살 - 미국 | IBP(245L) - 초이스,"20,550원"
91094,치마살 - 호주 | AMH - GF,"20,600원"
163625,LA갈비 - 미국 | 엑셀(86E) - 셀렉트,"20,700원"
190190,꼬리 - 호주 | 티스(291),"20,800원"
164696,앞/척갈비45mm - 미국 | 스위프트(969G) - 초이스,"20,900원"
178464,덴버컷 - 미국 | 오마하 - 프라임,"20,900원"
191041,알목심10mm - 미국 | 오마하 - 프라임,"21,000원"
141041,플랭크스테이크 - 호주 | 블랙오닉스(레인저스벨리) - MB3,"21,200원"
161619,양깃머리 - 뉴질랜드 | 그린니아(ME 82),"21,500원"
170640,갈비살/늑간살 - 호주 | AMH - GF,"21,500원"
189639,[돌돌이]목심 - 호주 | 잭스크리크 - MB6~7,"21,500원"
184971,등심 - 호주 | AMH(235) - GF,"21,700원"
143413,LA갈비 | 엑셀(86R) - 초이스,"21,930원"
91036,윗등심/척로스트 - 호주 | 블랙오닉스(레인저스벨리) - MB3,"22,000원"
162036,갈비살/늑간살 - 호주 | 엘그로(와규)(243(L'GROW/와규)) - MB3UP,"22,000원"
172753,꼬리 - 호주 | 락데일 - GF,"22,000원"
174773,안창살 - 호주 | 블랙타이(레인저스벨리) - GF,"22,000원"
185421,안창살 - 미국 | 엑셀(86R) - 프라임,"22,000원"
188972,사태 - 호주 | 잭스크리크 - MB6~7,"22,000원"
159382,살치살 - 미국 | NB - 프라임,"22,100원"
177723,치마살 - 호주 | 블랙타이(레인저스벨리) - GF,"22,400원"
90905,살치살 - 호주 | AMH - GF,"22,500원"
182934,안창살 - 미국 | 엑셀 - 프라임,"22,500원"
182364,안심 - 호주 | TBS - A,"22,500원"
122824,안창살 - 미국 | 스위프트 - 프라임,"22,600원"
187529,살치살 - 미국 | 크릭스톤(27) - 프라임,"22,800원"
90825,갈비살/늑간살 - 호주 | 블랙오닉스(레인저스벨리) - MB3,"22,900원"
182235,LA갈비 - 미국 | 엑셀(86M) - 초이스,"22,900원"
151838,LA갈비 - 미국 | 엑셀(86R) - 초이스,"22,930원"
91008,업진안살 - 호주 | 타지마(와규)(517) - MB5UP,"23,000원"
150619,윗등심/척로스트 - 호주 | 카라라(와규)(640) - MB4~5,"23,000원"
161333,살치살 - 미국 | IBP - CAB,"23,000원"
163148,양깃머리 - 호주 | 몬스터쉐프,"23,000원"
169425,[낱개상품]치마살 - 미국 | 엑셀(PSA/앵거스) - 초이스(앵거스),"23,000원"
169757,살치살 - 미국 | NBP - CAB,"23,000원"
173468,갈비살/늑간살 - 미국 | 하트브랜드(와규) - 와규,"23,000원"
174881,안창살 - 미국 | 오마하(960A) - 프라임,"23,000원"
182672,안심 - 호주 | 윙햄 - A,"23,000원"
163422,LA갈비 - 미국 | 엑셀(86E) - 셀렉트,"23,200원"
91030,윗등심/척로스트 - 호주 | 블랙마켓(레인저스벨리) - MB5UP,"23,300원"
163423,LA갈비 - 미국 | 엑셀(86K) - 셀렉트,"23,500원"
172752,꼬리 - 호주 | 락데일 - GF,"23,500원"
188961,목심 - 호주 | 잭스크리크 - MB6~7,"23,500원"
189828,[돌돌이]목심 - 호주 | 잭스크리크 - MB6~7,"23,500원"
143624,안창살 - 미국 | IBP - 프라임,"23,800원"
173240,갈비본살 - 호주 | 블랙타이(레인저스벨리) - GF,"23,800원"
164372,안창살 - 미국 | NBP - 프라임,"24,000원"
164362,채끝등심 - 미국 | NBP - 초이스,"24,000원"
172749,꼬리 - 호주 | 락데일 - GF,"24,000원"
172816,일반갈비 - 미국 | 엑셀(86M) - 초이스,"24,000원"
182670,안심 - 호주 | 오키 - A,"24,000원"
188486,안심 - 호주 | AMH - A,"24,000원"
190178,등심 - 미국 | 오마하(960A) - 프라임,"24,000원"
186618,업진안살 - 호주 | 마가렛리버(와규) - MB6~7,"24,200원"
90748,우둔 - 호주 | 블랙오닉스(레인저스벨리) - MB3,"24,500원"
144823,안창살 - 미국 | IBP - 프라임,"24,500원"
180639,차돌박이 - 호주 | 카라라(와규)(640) - MB6~7,"24,900원"
145476,진갈비살 - 미국 | IBP - 초이스,"24,990원"
85272,채끝등심 - 호주 | AMH(170) - MB1,"25,000원"
81253,안심 - 호주 | TEYS(291) - A,"25,000원"
163151,양깃머리 - 호주 | 몬스터쉐프,"25,000원"
191641,안심 - 호주 | AMH(235) - S,"25,000원"
189793,LA갈비40mm - 미국 | 엑셀(86R) - 초이스,"25,375원"
142236,안심 - 호주 | 세중,"25,500원"
90745,소불고기(500g*1ea) - 호주｜블랙오닉스(레인저스벨리) - MB3,"25,500원"
151447,등심 - 미국 | 엑셀 - 초이스,"25,500원"
172728,살치살 - 미국 | 스위프트 - 프라임,"25,500원"
174976,등심 - 미국 | 엑셀 - 초이스,"25,500원"
188960,삼겹양지2mm - 호주 | 잭스크리크 - MB6~7,"25,500원"
191058,홍두깨 - 호주 | 잭스크리크 - MB6~7,"25,500원"
123856,살치살 - 미국 | 엑셀 - 프라임,"26,000원"
144531,안창살 - 미국 | 스위프트 - CAB,"26,000원"
144884,진갈비살 - 미국 | 엑셀(PSA/앵거스) - 초이스,"26,000원"
170479,[낱개상품]진갈비살 - 미국 | 엑셀(PSA/앵거스) - 초이스(앵거스),"26,000원"
90830,갈비살/늑간살 - 호주 | 타지마(와규)(517) - MB5UP,"26,700원"
190362,갈비살/늑간살 - 호주 | 마가렛리버(와규) - MB4~5,"26,800원"
175687,윗등심/척로스트 - 미국 | 미시마리저브(와규) - MB8~9,"27,000원"
191002,갈비살/늑간살 - 호주 | 존디(와규) - MB4~5,"27,000원"
140286,부채살 - 호주 | 블랙마켓(레인저스벨리) - MB5UP,"27,300원"
160072,살치살 - 미국 | NBP - 프라임,"27,500원"
177508,티본 - 미국 | 샘케인(337) - 초이스,"27,500원"
169414,[낱개상품]등심 - 미국 | 엑셀(PSA/앵거스) - 초이스(앵거스),"27,990원"
85283,채끝등심 - 호주 | AMH(170) - MB2,"28,000원"
144981,진갈비살 - 미국 | IBP - 초이스,"28,000원"
169978,윗등심/척로스트 - 호주 | 카라라(와규)(640) - MB6~7,"28,000원"
170480,[낱개상품]진갈비살 - 미국 | IBP - 초이스,"28,000원"
189840,갈비본살 - 호주 | 엘그로(와규)(243(L'GROW/와규)) - MB3UP,"28,000원"
189795,LA갈비40mm - 미국 | 아이오와 프리미엄비프(8) - 프라임,"28,708원"
170492,[낱개상품]진갈비살 - 미국 | IBP - CAB,"28,790원"
145444,진갈비살 - 미국 | IBP - CAB,"28,890원"
169407,[낱개상품]살치살 - 미국 | 엑셀 - 프라임,"28,900원"
90838,앞양지/데클 - 호주 | 블랙오닉스(레인저스벨리) - MB3,"29,200원"
164361,채끝등심 - 미국 | NBP - CAB,"29,500원"
169422,[낱개상품]채끝등심 - 미국 | 엑셀(PSA/앵거스) - 초이스(앵거스),"29,500원"
187138,티본 - 미국 | 엑셀(PSA/앵거스),"29,500원"
156983,진갈비살 - 미국 | 엑셀(RRA/앵거스)(86R) - 초이스,"29,900원"
184036,진갈비살 - 미국 | 크릭스톤(27) - 초이스,"30,000원"
190363,앞양지/데클 - 호주 | 마가렛리버(와규) - MB4~5,"30,000원"
184936,[만화고기]롱 우대갈비 - 미국 | 엑셀 - 초이스,"30,230원"
188541,플랭크스테이크 - 호주 | 마가렛리버(와규) - MB4~5,"30,300원"
187082,LA갈비 - 미국 | IBP - 초이스,"30,800원"
137275,진갈비살 - 미국 | 엑셀(86K) - 초이스(SS),"30,900원"
188841,진갈비살 - 미국 | IBP(245E) - 초이스,"30,900원"
176968,진갈비살 - 미국 | IBP - 초이스,"31,000원"
177873,등심 - 미국 | 써던리버(332) - 초이스,"31,000원"
190978,윗등심/척로스트 - 호주 | 존디(와규) - MB4~5,"31,000원"
91122,플랭크스테이크 - 호주 | 타지마(와규) - MB5UP,"31,300원"
146187,진갈비살 - 미국 | IBP - CAB,"31,400원"
131560,치마살 - 호주 | 엘그로(와규)(243(L'GROW/와규)) - MB3,"32,000원"
185070,안심 - 미국 | 샘케인(337) - 셀렉트,"32,000원"
90792,갈비본살 - 호주 | 블랙마켓(레인저스벨리) - MB5UP,"32,100원"
191779,갈비박근(립캡) - 호주 | 타지마(와규) - MB4~5,"33,000원"
169423,[낱개상품]티본 - 미국 | 엑셀(PSA/앵거스) - 초이스(앵거스),"33,500원"
179633,윗등심/척로스트 - 호주 | 타지마(와규) - MB4~5,"34,000원"
190983,윗등심/척로스트 - 호주 | 존디(와규) - MB6~7,"34,000원"
190361,갈비박근(립캡) - 호주 | 마가렛리버(와규) - MB4~5,"34,500원"
188687,윗등심/척로스트 - 호주 | 마가렛리버(와규) - MB6~7,"35,800원"
170494,[낱개상품]진갈비살 - 미국 | IBP - 프라임,"35,900원"
91041,윗등심/척로스트 - 호주 | 타지마(와규)(517) - MB5UP,"36,000원"
144398,진갈비살 - 미국 | IBP - 프라임,"36,000원"
175351,치마살 - 미국 | 미시마리저브(와규) - 와규,"36,000원"
189172,[주문세절]토마호크(뼈등심) - 미국 | 오마하 - 초이스,"36,100원"
187882,등심 - 미국 | 엑셀 - 프라임,"36,200원"
124808,살치살 - 호주 | 블랙오닉스(레인저스벨리) - MB3,"36,300원"
84819,등심 - 호주 | AMH(170) - MB2,"36,500원"
90897,부채살 - 호주 | 타지마(와규) - MB5UP,"36,500원"
166892,등심 - 미국 | 엑셀(86K) - 프라임,"36,500원"
188538,갈비본살 - 호주 | 마가렛리버(와규) - MB4~5,"36,600원"
90803,갈비본살 - 호주 | 타지마(와규)(517) - MB5UP,"36,800원"
175846,살치살 - 미국 | 엑셀 - 초이스,"37,000원"
181232,안심 - 미국 | AFG(410) - 초이스,"37,000원"
179632,토마호크(카우보이립) - 미국 | 엑셀 - CAB,"38,000원"
181245,안심 - 미국 | AFG(서버스 초이스) - 초이스,"38,000원"
169422,[낱개상품]채끝등심 - 미국 | 엑셀(PSA/앵거스) - 초이스(앵거스),"29,500원"
187138,티본 - 미국 | 엑셀(PSA/앵거스),"29,500원"
156983,진갈비살 - 미국 | 엑셀(RRA/앵거스)(86R) - 초이스,"29,900원"
184036,진갈비살 - 미국 | 크릭스톤(27) - 초이스,"30,000원"
190363,앞양지/데클 - 호주 | 마가렛리버(와규) - MB4~5,"30,000원"
184936,[만화고기]롱 우대갈비 - 미국 | 엑셀 - 초이스,"30,230원"
188541,플랭크스테이크 - 호주 | 마가렛리버(와규) - MB4~5,"30,300원"
187082,LA갈비 - 미국 | IBP - 초이스,"30,800원"
137275,진갈비살 - 미국 | 엑셀(86K) - 초이스(SS),"30,900원"
188841,진갈비살 - 미국 | IBP(245E) - 초이스,"30,900원"
176968,진갈비살 - 미국 | IBP - 초이스,"31,000원"
177873,등심 - 미국 | 써던리버(332) - 초이스,"31,000원"
190978,윗등심/척로스트 - 호주 | 존디(와규) - MB4~5,"31,000원"
91122,플랭크스테이크 - 호주 | 타지마(와규) - MB5UP,"31,300원"
146187,진갈비살 - 미국 | IBP - CAB,"31,400원"
131560,치마살 - 호주 | 엘그로(와규)(243(L'GROW/와규)) - MB3,"32,000원"
185070,안심 - 미국 | 샘케인(337) - 셀렉트,"32,000원"
90792,갈비본살 - 호주 | 블랙마켓(레인저스벨리) - MB5UP,"32,100원"
191779,갈비박근(립캡) - 호주 | 타지마(와규) - MB4~5,"33,000원"
169423,[낱개상품]티본 - 미국 | 엑셀(PSA/앵거스) - 초이스(앵거스),"33,500원"
179633,윗등심/척로스트 - 호주 | 타지마(와규) - MB4~5,"34,000원"
190983,윗등심/척로스트 - 호주 | 존디(와규) - MB6~7,"34,000원"
190361,갈비박근(립캡) - 호주 | 마가렛리버(와규) - MB4~5,"34,500원"
188687,윗등심/척로스트 - 호주 | 마가렛리버(와규) - MB6~7,"35,800원"
170494,[낱개상품]진갈비살 - 미국 | IBP - 프라임,"35,900원"
91041,윗등심/척로스트 - 호주 | 타지마(와규)(517) - MB5UP,"36,000원"
144398,진갈비살 - 미국 | IBP - 프라임,"36,000원"
175351,치마살 - 미국 | 미시마리저브(와규) - 와규,"36,000원"
189172,[주문세절]토마호크(뼈등심) - 미국 | 오마하 - 초이스,"36,100원"
187882,등심 - 미국 | 엑셀 - 프라임,"36,200원"
124808,살치살 - 호주 | 블랙오닉스(레인저스벨리) - MB3,"36,300원"
84819,등심 - 호주 | AMH(170) - MB2,"36,500원"
90897,부채살 - 호주 | 타지마(와규) - MB5UP,"36,500원"
166892,등심 - 미국 | 엑셀(86K) - 프라임,"36,500원"
188538,갈비본살 - 호주 | 마가렛리버(와규) - MB4~5,"36,600원"
90803,갈비본살 - 호주 | 타지마(와규)(517) - MB5UP,"36,800원"
175846,살치살 - 미국 | 엑셀 - 초이스,"37,000원"
181232,안심 - 미국 | AFG(410) - 초이스,"37,000원"
179632,토마호크(카우보이립) - 미국 | 엑셀 - CAB,"38,000원"
181245,안심 - 미국 | AFG(서버스 초이스) - 초이스,"38,000원"
188264,토마호크(카우보이립) - 미국 | 오마하(960A) - 초이스,"38,000원"
166073,살치살 - 호주 | 블랙마켓(레인저스벨리) - MB5UP,"38,200원"
191775,부채살 - 호주 | 타지마(와규) - MB4~5,"38,400원"
175345,채끝등심 - 미국 | 엑셀 - 초이스,"38,900원"
90750,윗등심 스테이크(500g*1ea) - 호주｜블랙오닉스(레인저스벨리) - MB3,"39,000원"
184033,진갈비살 - 미국 | 크릭스톤(27) - 프라임,"39,000원"
188372,안심 - 미국 | 엑셀 - CAB,"39,000원"
190975,치마살 - 호주 | 존디(와규) - MB4~5,"39,000원"
191001,부채살 - 호주 | 존디(와규) - MB4~5,"39,000원"
143955,진갈비살 - 미국 | IBP - 프라임,"39,500원"
190906,부채살 - 호주 | 마가렛리버(와규) - MB6~7,"39,500원"
175344,[겉지방정선]채끝등심 - 미국 | 엑셀 - 초이스,"39,900원"
181231,안심 - 미국 | AFG(410) - 프라임,"40,000원"
143629,진갈비살 - 미국 | IBP - 프라임,"40,200원"
174769,진갈비살 - 호주 | 블랙타이(레인저스벨리) - GF,"40,500원"
85039,안심 - 호주 | AMH(170) - MB2,"42,000원"
169756,안심 - 미국 | NBP - 초이스,"42,000원"
175823,[만화고기]엘본스테이크 - 미국 | 엑셀(PSA/앵거스) - 초이스,"43,000원"
181077,등심 - 미국 | 엑셀(86R) - 초이스,"43,900원"
144680,안심 - 미국 | 엑셀(PSA/앵거스) - 초이스,"44,000원"
169419,[낱개상품]안심 - 미국 | 엑셀(PSA/앵거스) - 초이스(앵거스),"44,800원"
90847,등심 - 호주 | 블랙오닉스(레인저스벨리) - MB3,"45,000원"
191057,갈비살/늑간살 - 호주 | 잭스크리크 - MB6~7,"46,500원"
187453,살치살 - 미국 | 하트브랜드(와규) - 와규,"48,100원"
187550,토마호크(카우보이립) - 미국 | 엑셀(스털링실버) - 초이스,"53,000원"
128713,살치살 - 호주 | 타지마(와규)(517) - MB5UP,"55,500원"
91073,진갈비살 - 호주 | 블랙오닉스(레인저스벨리) - MB3,"57,900원"
91077,진갈비살 - 호주 | 타지마(와규)(517) - MB5UP,"58,500원"
189175,토마호크(카우보이립) - 미국 | 오마하 - 초이스,"62,000원"
188528,윗등심- 호주 | 잭스크리크 - MB6~7,"65,000원"
185486,스페어립 - 멕시코 | 수까르네(TIF 111) - GF,"6,800원"
191926,윗등심/척로스트 - 미국 | 엑셀 - 초이스,"7,000원"
186921,목심 - 호주 | AMH(384) - A,"8,340원"
192021,알목심 - 미국 | 스위프트 - CAB,"8,700원"
191253,차돌양지 - 뉴질랜드 | 아프코(ME32) - PS,"8,790원"
143476,차돌양지 - 미국 | IBP - 초이스,"8,900원"
144385,알목심 - 미국 | IBP - 프라임,"9,000원"
153812,알목심 - 캐나다 | 엑셀 - 프라임,"9,500원"
162320,차돌양지 - 멕시코 | 수까르네(TIF 111) - GF,"9,600원"
179279,차돌양지 - 멕시코 | 수까르네(431) - GF,"9,600원"
143626,알목심 - 미국 | IBP - 초이스,"9,800원"
144316,알목심 - 미국 | IBP - 초이스,"9,800원"
177720,앞양지/데클 - 호주 | 블랙타이(레인저스벨리) - GF,"9,800원"
145563,앞/척갈비 - 미국 | 엑셀(86E) - 초이스,"9,980원"
138482,우삼겹양지 - 미국 | IBP,"10,480원"
125088,사태 - 호주 | 엘그로(와규)(243(L'GROW/와규)) - MB4~5,"10,500원"
167692,[돌돌이]삼겹양지 - 미국 | EXCELCUT - 언그레이드,"10,500원"
166163,홍두깨 - 호주 | AMH(4) - A,"10,600원"
173236,사태 - 호주 | 타지마(와규) - MB4~5,"10,800원"
185081,삼겹양지2mm - 미국 | EXCELCUT,"10,900원"
81314,부채살 - 미국 | 엑셀(스털링실버)(86M) - 초이스,"11,000원"
161158,LA갈비 - 미국 | 해리스랜치(783(해리스랜치)) - 셀렉트,"11,050원"
187715,[소량세절]삼겹양지2mm - 호주 | 킬코이(640) - GF,"11,080원"
177502,LA갈비 - 미국 | IBP - 언그레이드,"11,200원"
181095,등심덧살 - 호주 | 블랙오닉스(레인저스벨리) - MB3,"11,400원"
156867,[소량세절]삼겹양지2mm - 미국 | 엑셀,"11,480원"
90990,앞다리/전각 - 호주 | 블랙오닉스(레인저스벨리) - MB3,"11,700원"
180614,목심2mm - 호주 | AMH - S,"11,880원"
91026,우둔 - 호주 | 타지마(와규) - MB5UP,"11,900원"
146962,설도 - 호주 | 블랙마켓(레인저스벨리) - MB5UP,"12,000원"
145368,살치살 - 미국 | 엑셀(스털링실버) - 초이스,"12,400원"
143491,갈비살/늑간살 - 미국 | 스위프트 - 초이스,"13,000원"
162318,대창 - 멕시코 | 수까르네 - GF,"13,000원"
188867,LA갈비 - 미국 | 엑셀(86M) - 셀렉트,"13,850원"
81276,갈비살/늑간살 - 미국 | EXCEL(86M) - 초이스,"14,100원"
7194,갈비살/늑간살 - 미국 | EXCEL(86M) - 초이스,"14,450원"
174775,업진안살 - 호주 | 블랙타이(레인저스벨리) - GF,"14,500원"
144730,갈비본살 - 미국 | IBP - CAB,"14,500원"
177721,럼프캡 - 호주 | 블랙타이(레인저스벨리) - GF,"15,000원"
188385,LA갈비 - 미국 | IBP(278) - 초이스,"15,200원"
189790,부채살 - 호주 | 마가렛리버(와규) - MB4~5,"16,400원"
175454,토시살 - 호주 | 블랙타이(레인저스벨리) - GF,"17,400원"
161938,갈비살/늑간살 - 미국 | 씨티푸즈(1896) - 언그레이드,"20,000원"
90893,부채살 - 호주 | 블랙오닉스(레인저스벨리) - MB3,"23,000원"
90796,갈비본살 - 호주 | 블랙오닉스(레인저스벨리) - MB3,"23,500원"
151707,살치살 - 미국 | 스위프트 - 프라임,"23,500원"
126044,갈비살/늑간살 - 호주 | 블랙마켓(레인저스벨리) - MB5UP,"24,500원"
143935,등심 - 미국 | 엑셀(PSA/앵거스) - 초이스,"26,000원"
143627,진갈비살 - 미국 | IBP - CAB,"28,900원"
91098,치마살 - 호주 | 블랙오닉스(레인저스벨리) - MB3,"36,700원"
